sid,name,season,basin,nodes,spawn_time,spawn_lat,spawn_lon,target_kind,target_time,target_lat,target_lon,target_step,end_lat,end_lon,duration_h,track_km,peak_wind_kt,peak_category,peak_step,crosses_dateline
2023364S19035,ALVARO,2024,SI,11,2023-12-30 12:00:00,-19.6,36.7,landfall,2024-01-02 00:00:00,-21.5,45.0,5,-29.2,57.5,120,2480.6,65,cat1,4,False
2016255N12247,ORLENE,2016,EP,14,2016-09-10 12:00:00,12.3,-113.1,closest_approach,2016-09-14 00:00:00,19.8,-118.6,7,20.1,-127.1,156,2052.8,95,cat2,5,False
2006200N32287,BERYL,2006,NA,9,2006-07-18 12:00:00,32.3,-73.3,landfall,2006-07-22 00:00:00,45.5,-63.3,7,48.5,-56.5,96,2423.5,50,ts,3,False
2023129N08091,MOCHA,2023,NI,13,2023-05-09 00:00:00,7.6,90.7,landfall,2023-05-14 12:00:00,21.1,93.3,11,25.1,97.8,144,2463.4,115,cat4,10,False
2009190N09254,CARLOS,2009,EP,17,2009-07-08 12:00:00,8.8,-106.2,closest_approach,2009-07-08 12:00:00,8.8,-106.2,0,9.7,-134.3,192,3114.8,90,cat2,13,False
2014234N12261,MARIE,2014,EP,23,2014-08-22 00:00:00,12.3,-98.8,closest_approach,2014-08-22 00:00:00,12.3,-98.8,0,30.8,-139.7,264,4920.9,135,cat4,6,False
2007242N13264,HENRIETTE,2007,EP,14,2007-08-30 12:00:00,13.6,-96.5,landfall,2007-09-05 00:00:00,23.6,-109.8,11,27.9,-110.9,156,2392.0,75,cat1,10,False
2025149N12256,ALVIN,2025,EP,7,2025-05-29 00:00:00,12.4,-104.9,closest_approach,2025-06-01 00:00:00,21.8,-109.7,6,21.8,-109.7,72,1203.4,50,ts,2,False
2022268S09088,ASHLEY,2023,SI,9,2022-09-25 12:00:00,-10.1,86.4,closest_approach,2022-09-29 12:00:00,-17.1,72.2,8,-17.1,72.2,96,1774.5,45,ts,3,False
2017046S17137,ALFRED,2017,SP,11,2017-02-16 00:00:00,-15.6,139.2,landfall,2017-02-17 00:00:00,-16.8,138.5,2,-16.0,138.0,120,887.2,50,ts,8,False
2011361S09095,BENILDE,2012,SI,19,2011-12-27 00:00:00,-9.1,95.1,closest_approach,2011-12-27 00:00:00,-9.1,95.1,0,-23.4,74.7,216,3408.8,80,cat1,9,False
2020326N11063,GATI,2020,NI,9,2020-11-20 12:00:00,11.2,62.6,landfall,2020-11-23 00:00:00,10.7,50.0,5,10.4,46.3,96,1894.2,75,cat1,4,False
2018292N14261,WILLA,2018,EP,11,2018-10-19 00:00:00,14.2,-98.9,closest_approach,2018-10-24 00:00:00,22.5,-106.0,10,22.5,-106.0,120,1633.8,135,cat4,7,False
2008060S19151,UNNAMED,2008,SP,4,2008-02-29 00:00:00,-19.9,152.9,closest_approach,2008-02-29 00:00:00,-19.9,152.9,0,-27.5,163.8,36,1394.2,35,ts,1,False
2014187N11247,FAUSTO,2014,EP,6,2014-07-06 12:00:00,10.7,-114.0,closest_approach,2014-07-06 12:00:00,10.7,-114.0,0,10.6,-125.5,60,1300.7,40,ts,3,False
2024207N16250,BUD,2024,EP,9,2024-07-24 12:00:00,16.3,-110.5,closest_approach,2024-07-24 12:00:00,16.3,-110.5,0,17.0,-126.3,96,1806.7,50,ts,2,False
2023213N14257,DORA,2023,EP,34,2023-07-31 12:00:00,14.3,257.4,closest_approach,2023-08-01 00:00:00,15.4,255.0,1,28.9,168.2,396,10907.6,130,cat4,11,True
2017252N14147,TALIM,2017,WP,18,2017-09-09 00:00:00,14.5,145.1,closest_approach,2017-09-17 12:00:00,34.3,134.6,17,34.3,134.6,204,3947.7,95,cat2,10,False
2010046S10058,GELANE,2010,SI,16,2010-02-15 00:00:00,-10.3,58.4,closest_approach,2010-02-22 00:00:00,-19.9,60.2,14,-21.2,60.1,180,1733.2,110,cat3,9,False
2010279N22293,OTTO,2010,NA,23,2010-10-06 12:00:00,22.6,-67.8,closest_approach,2010-10-17 12:00:00,31.9,-14.6,22,31.9,-14.6,264,6426.1,75,cat1,5,False
2011227N12234,FERNANDA,2011,EP,15,2011-08-14 12:00:00,12.3,-126.5,closest_approach,2011-08-21 12:00:00,15.9,-153.7,14,15.9,-153.7,168,3044.5,60,ts,8,False
2012018S16041,FUNSO,2012,SI,22,2012-01-18 12:00:00,-16.8,41.5,closest_approach,2012-01-22 00:00:00,-17.8,38.2,7,-32.2,44.4,252,2407.4,110,cat3,11,False
2008203N18276,DOLLY,2008,NA,14,2008-07-20 12:00:00,17.8,-83.6,landfall,2008-07-24 00:00:00,26.5,-97.8,7,32.9,-106.3,156,2992.5,85,cat2,6,False
2006256N12338,HELENE,2006,NA,31,2006-09-12 12:00:00,11.9,-22.0,closest_approach,2006-09-27 12:00:00,53.9,-10.1,30,53.9,-10.1,360,9458.2,105,cat3,12,False
2016228N22117,DIANMU,2016,WP,6,2016-08-17 12:00:00,21.1,112.8,landfall,2016-08-19 12:00:00,21.0,105.0,4,22.3,101.2,60,1242.5,40,ts,3,False
2026030S16043,FYTIA,2026,SI,12,2026-01-30 00:00:00,-15.6,42.5,landfall,2026-01-31 12:00:00,-17.1,46.5,3,-23.4,55.2,132,1719.3,99,cat3,2,False
2019210N11253,FLOSSIE,2019,EP,20,2019-07-28 12:00:00,11.1,-106.8,closest_approach,2019-08-06 00:00:00,20.6,-154.1,17,24.7,-157.1,228,5798.4,70,cat1,5,False
2013262N14149,PABUK,2013,WP,13,2013-09-21 00:00:00,19.7,145.8,closest_approach,2013-09-26 00:00:00,32.3,143.5,10,39.9,152.5,144,3079.3,60,ts,7,False
2020276N17277,GAMMA,2020,NA,10,2020-10-02 00:00:00,16.6,-83.3,landfall,2020-10-04 00:00:00,21.0,-87.9,4,20.6,-88.5,108,1231.3,55,ts,3,False
2016278N16181,SONGDA,2016,WP,19,2016-10-04 00:00:00,16.5,178.7,closest_approach,2016-10-11 12:00:00,29.3,147.5,15,38.2,166.2,216,6204.2,100,cat3,16,False
2021182N09317,ELSA,2021,NA,19,2021-07-01 00:00:00,9.3,-45.3,landfall,2021-07-06 00:00:00,22.9,-82.0,10,44.0,-68.3,216,7164.0,70,cat1,4,False
2010149N13266,AGATHA,2010,EP,4,2010-05-29 00:00:00,12.8,-94.1,landfall,2010-05-30 00:00:00,14.6,-91.9,2,15.7,-91.4,36,449.4,35,ts,1,False
2018313S05090,BOUCHRA,2019,SI,24,2018-11-09 12:00:00,-4.9,90.5,closest_approach,2018-11-10 00:00:00,-5.1,90.9,1,-15.5,76.8,276,2915.4,50,ts,3,False
2018217N12266,ILEANA,2018,EP,5,2018-08-05 00:00:00,12.8,-95.5,closest_approach,2018-08-07 00:00:00,17.7,-104.2,4,17.7,-104.2,48,1088.7,55,ts,3,False
2022304N34296,MARTIN,2022,NA,10,2022-10-31 00:00:00,34.6,-63.1,closest_approach,2022-11-04 12:00:00,55.8,-37.2,9,55.8,-37.2,108,3885.0,75,cat1,6,False
2010172N08272,DARBY,2010,EP,19,2010-06-20 12:00:00,7.9,-88.0,closest_approach,2010-06-29 12:00:00,15.1,-96.5,18,15.1,-96.5,216,2522.2,100,cat3,10,False
2019242N14180,FAXAI,2019,WP,23,2019-08-30 12:00:00,13.9,179.1,closest_approach,2019-09-09 00:00:00,36.3,141.0,19,41.5,154.9,264,6665.1,85,cat2,17,False
2024270N24128,KRATHON,2024,WP,16,2024-09-26 00:00:00,24.1,128.2,landfall,2024-10-03 12:00:00,22.7,120.6,15,22.7,120.6,180,1652.9,105,cat3,10,False
2013001N04141,SONAMU,2013,WP,15,2013-01-01 00:00:00,4.5,141.1,landfall,2013-01-03 00:00:00,8.6,123.7,4,5.8,108.3,168,3810.7,50,ts,8,False
2026237N09256,KARINA,2026,EP,27,2026-08-25 00:00:00,8.6,-103.8,closest_approach,2026-08-25 00:00:00,8.6,-103.8,0,23.0,-145.7,312,4879.5,125,cat4,17,False
2013187N20156,SOULIK,2013,WP,16,2013-07-06 00:00:00,19.9,156.2,landfall,2013-07-13 00:00:00,24.9,121.0,14,26.2,118.5,180,4053.7,100,cat3,8,False
2018082S12164,IRIS,2018,SP,34,2018-03-23 00:00:00,-12.8,163.5,closest_approach,2018-04-04 00:00:00,-19.1,150.5,24,-15.0,154.3,396,4387.7,55,ts,22,False
2022255N16256,MADELINE,2022,EP,28,2022-09-11 12:00:00,15.8,-104.2,closest_approach,2022-09-20 00:00:00,21.0,-110.3,17,20.2,-126.8,324,3436.3,55,ts,16,False
2011236N15143,TALAS,2011,WP,23,2011-08-24 12:00:00,16.9,141.2,landfall,2011-09-03 00:00:00,33.5,133.9,19,36.7,134.1,264,2488.4,50,ts,6,False
2009254N14130,KOPPU,2009,WP,9,2009-09-11 12:00:00,14.7,128.4,landfall,2009-09-15 00:00:00,22.0,112.0,7,23.1,109.7,96,2218.7,60,ts,6,False
2012156S07066,KUENA,2012,SI,11,2012-06-03 12:00:00,-7.0,66.1,closest_approach,2012-06-08 12:00:00,-7.8,54.4,10,-7.8,54.4,120,1461.3,45,ts,6,False
2020022S17043,DIANE,2020,SI,15,2020-01-22 12:00:00,-16.8,43.8,landfall,2020-01-23 00:00:00,-17.2,46.6,1,-34.3,66.1,168,4346.8,40,ts,7,False
2020251N15342,RENE,2020,NA,16,2020-09-07 00:00:00,14.8,-19.0,closest_approach,2020-09-07 00:00:00,14.8,-19.0,0,27.5,-48.4,180,3542.6,40,ts,7,False
2019239N32287,ERIN,2019,NA,7,2019-08-26 12:00:00,31.7,-72.7,closest_approach,2019-08-29 00:00:00,34.8,-72.6,5,36.9,-70.9,72,955.2,35,ts,3,False
2018211N27152,UNNAMED,2018,WP,7,2018-07-30 00:00:00,26.5,152.3,closest_approach,2018-08-01 12:00:00,36.2,150.0,5,37.2,152.5,72,1390.0,35,ts,5,False
2010027S14184,NISHA,2010,SP,9,2010-01-27 00:00:00,-13.8,-173.5,closest_approach,2010-01-27 00:00:00,-13.8,-173.5,0,-17.7,-160.8,96,1684.0,40,ts,4,False
2024216N12231,DANIEL,2024,EP,6,2024-08-03 00:00:00,12.4,-129.3,closest_approach,2024-08-05 12:00:00,15.1,-128.2,5,15.1,-128.2,60,570.9,35,ts,1,False
2008269N21290,KYLE,2008,NA,12,2008-09-25 00:00:00,21.5,-70.0,landfall,2008-09-29 00:00:00,43.8,-66.2,8,48.1,-60.8,132,3339.7,75,cat1,7,False
2009143N17089,AILA,2009,NI,7,2009-05-23 00:00:00,16.7,88.8,landfall,2009-05-25 12:00:00,22.7,88.2,5,25.4,88.4,72,988.1,50,ts,5,False
2016216N14243,IVETTE,2016,EP,17,2016-08-03 00:00:00,13.8,-116.7,closest_approach,2016-08-11 00:00:00,14.8,-153.4,16,14.8,-153.4,192,3999.4,50,ts,6,False
2016230N25160,LIONROCK,2016,WP,28,2016-08-17 00:00:00,26.0,159.0,closest_approach,2016-08-30 12:00:00,41.2,140.0,27,41.2,140.0,324,6303.2,90,cat2,23,False
2016232N22153,KOMPASU,2016,WP,6,2016-08-19 00:00:00,25.7,152.8,closest_approach,2016-08-21 12:00:00,42.5,143.9,5,42.5,143.9,60,2199.4,35,ts,2,False
2021215N24124,MIRINAE,2021,WP,13,2021-08-04 00:00:00,24.7,125.3,closest_approach,2021-08-08 00:00:00,34.1,140.7,8,38.8,158.2,144,3644.4,50,ts,8,False
2025215N33284,DEXTER,2025,NA,21,2025-08-03 00:00:00,32.9,-74.6,closest_approach,2025-08-03 00:00:00,32.9,-74.6,0,49.0,-13.6,240,5407.3,70,cat1,11,False
2011041S17113,UNNAMED,2011,SI,9,2011-02-09 12:00:00,-17.1,113.2,closest_approach,2011-02-10 00:00:00,-17.7,111.8,1,-22.1,94.6,96,2034.5,35,ts,5,False
2010218N20127,DIANMU,2010,WP,14,2010-08-06 00:00:00,19.7,126.6,landfall,2010-08-11 00:00:00,34.9,128.2,10,39.7,142.7,156,3380.7,50,ts,7,False
2019337S04065,AMBALI,2020,SI,9,2019-12-03 12:00:00,-4.2,65.1,closest_approach,2019-12-07 12:00:00,-12.7,62.9,8,-12.7,62.9,96,1059.5,120,cat4,5,False
2009222N14336,ANA,2009,NA,13,2009-08-10 12:00:00,14.4,-24.9,closest_approach,2009-08-10 12:00:00,14.4,-24.9,0,14.6,-54.8,144,3230.0,35,ts,4,False
2020279N16284,DELTA,2020,NA,14,2020-10-05 00:00:00,16.4,-77.0,landfall,2020-10-07 12:00:00,21.1,-87.4,5,34.8,-87.5,156,3343.4,105,cat3,8,False
2015079S15182,REUBEN,2015,SP,9,2015-03-20 00:00:00,-16.4,-177.9,closest_approach,2015-03-20 00:00:00,-16.4,-177.9,0,-26.2,-171.9,96,1387.1,40,ts,5,False
2011028S13180,YASI,2011,SP,18,2011-01-29 00:00:00,-14.3,173.7,landfall,2011-02-03 00:00:00,-19.3,143.2,10,-24.7,130.9,204,4931.9,110,cat3,9,False
2019302N11118,BULBUL:MATMO,2019,WP,28,2019-10-28 12:00:00,10.6,118.2,landfall,2019-10-31 00:00:00,13.6,107.2,5,23.1,91.5,324,4537.9,75,cat1,22,False
2009282N16252,PATRICIA,2009,EP,15,2009-10-08 12:00:00,16.4,-107.6,closest_approach,2009-10-14 12:00:00,22.7,-110.2,12,22.3,-112.9,168,1837.1,50,ts,8,False
2021035S11080,FARAJI,2021,SI,25,2021-02-04 00:00:00,-10.6,80.3,closest_approach,2021-02-16 00:00:00,-18.3,68.0,24,-18.3,68.0,288,3323.2,120,cat4,10,False
2018311N07179,USAGI,2018,WP,40,2018-11-07 00:00:00,7.3,179.0,landfall,2018-11-25 12:00:00,10.6,107.0,37,11.6,105.0,468,8534.6,60,ts,34,False
2007208N20155,USAGI,2007,WP,17,2007-07-27 00:00:00,20.1,155.4,landfall,2007-08-02 12:00:00,33.0,131.5,13,40.7,139.0,192,4512.7,90,cat2,10,False
2015069N04173,BAVI,2015,WP,18,2015-03-11 00:00:00,6.7,170.7,closest_approach,2015-03-19 12:00:00,15.3,128.2,17,15.3,128.2,204,4845.5,45,ts,6,False
2015167N27266,BILL,2015,NA,11,2015-06-16 00:00:00,27.0,-94.3,landfall,2015-06-17 00:00:00,29.1,-96.9,2,38.9,-81.3,120,2428.6,50,ts,1,False
2024274S09075,ANCHA,2025,SI,8,2024-10-02 00:00:00,-10.0,75.6,closest_approach,2024-10-05 12:00:00,-16.4,66.4,7,-16.4,66.4,84,1334.7,45,ts,0,False
2007269N22265,LORENZO,2007,NA,6,2007-09-26 00:00:00,21.7,-95.2,landfall,2007-09-28 12:00:00,20.5,-98.0,5,20.5,-98.0,60,496.8,70,cat1,4,False
2012255N16322,NADINE,2012,NA,48,2012-09-10 12:00:00,15.5,-38.0,closest_approach,2012-09-23 12:00:00,30.6,-25.4,26,36.3,-30.9,564,9256.3,80,cat1,40,False
2025237N16251,JULIETTE,2025,EP,11,2025-08-25 00:00:00,16.1,-110.5,closest_approach,2025-08-28 12:00:00,25.5,-120.7,7,25.3,-122.7,120,1819.6,60,ts,3,False
2005322S04095,ALVIN:BERTIE,2006,SI,22,2005-11-18 12:00:00,-4.2,94.8,closest_approach,2005-11-18 12:00:00,-4.2,94.8,0,-11.7,81.0,252,2383.0,100,cat3,8,False
2010234N11329,DANIELLE,2010,NA,26,2010-08-21 12:00:00,10.7,-31.1,closest_approach,2010-09-02 12:00:00,53.0,-20.3,24,57.5,-23.0,300,9178.8,110,cat3,12,False
2010091S09093,ROBYN,2010,SI,18,2010-04-01 12:00:00,-9.4,93.1,closest_approach,2010-04-01 12:00:00,-9.4,93.1,0,-17.5,79.3,204,2388.1,60,ts,7,False
2008292N20152,BAVI,2008,WP,5,2008-10-18 00:00:00,21.4,151.6,closest_approach,2008-10-20 00:00:00,32.9,152.2,4,32.9,152.2,48,1497.9,45,ts,4,False
2013093S08074,IMELDA,2013,SI,32,2013-04-03 12:00:00,-8.6,76.1,closest_approach,2013-04-18 12:00:00,-22.2,55.3,30,-23.5,51.8,372,5036.2,80,cat1,23,False
2023173N10320,CINDY,2023,NA,9,2023-06-22 00:00:00,10.4,-39.9,closest_approach,2023-06-26 00:00:00,22.5,-59.9,8,22.5,-59.9,96,2605.7,50,ts,5,False
2019141N28291,ANDREA,2019,NA,3,2019-05-21 00:00:00,29.1,-68.8,closest_approach,2019-05-21 12:00:00,30.6,-69.1,1,31.3,-67.7,24,323.8,35,ts,0,False
2019021S09128,RILEY,2019,SI,28,2019-01-22 12:00:00,-12.3,125.4,closest_approach,2019-01-23 12:00:00,-15.7,122.8,2,-20.0,84.4,324,4678.8,70,cat1,11,False
2021058S14149,NIRAN,2021,SP,16,2021-02-27 12:00:00,-16.0,149.5,closest_approach,2021-03-06 00:00:00,-21.4,163.8,13,-27.3,176.0,180,3858.0,110,cat3,12,False
2024044S14066,DJOUNGOU,2024,SI,13,2024-02-14 00:00:00,-13.5,65.7,closest_approach,2024-02-15 00:00:00,-15.0,63.9,2,-30.8,95.4,144,4016.0,115,cat4,9,False
2017224N19253,JOVA,2017,EP,12,2017-08-11 12:00:00,18.5,-106.7,closest_approach,2017-08-11 12:00:00,18.5,-106.7,0,18.6,-132.7,132,2771.2,35,ts,1,False
2006294S10168,XAVIER,2007,SP,12,2006-10-20 12:00:00,-9.5,167.9,closest_approach,2006-10-24 00:00:00,-13.2,169.1,7,-14.7,170.3,132,1050.1,95,cat2,8,False
2025164N11260,DALILA,2025,EP,10,2025-06-13 00:00:00,11.5,-100.5,closest_approach,2025-06-15 00:00:00,17.5,-105.5,4,19.2,-113.2,108,1708.2,55,ts,4,False
2009173N10132,NANGKA,2009,WP,11,2009-06-22 00:00:00,10.0,132.3,landfall,2009-06-27 00:00:00,23.3,114.0,10,23.3,114.0,120,2643.8,40,ts,3,False
2015342S09079,BOHALE,2016,SI,18,2015-12-08 12:00:00,-10.7,73.9,closest_approach,2015-12-13 12:00:00,-23.5,66.3,10,-31.6,71.6,204,2971.3,35,ts,7,False
2025054S17051,GARANCE,2025,SI,10,2025-02-25 12:00:00,-18.2,51.9,closest_approach,2025-02-28 12:00:00,-22.5,55.1,6,-34.0,60.9,120,2442.8,95,cat2,4,False
2006006S11129,CLARE,2006,SI,8,2006-01-07 00:00:00,-12.6,124.4,landfall,2006-01-10 00:00:00,-21.8,116.3,6,-23.1,116.2,84,1534.8,75,cat1,5,False
2011022S16146,ANTHONY,2011,SP,18,2011-01-22 12:00:00,-15.5,147.0,landfall,2011-01-31 00:00:00,-22.5,144.9,17,-22.5,144.9,204,3847.3,50,ts,16,False
2012296N14283,SANDY,2012,NA,20,2012-10-22 00:00:00,13.9,-77.8,landfall,2012-10-30 00:00:00,39.5,-74.5,16,41.5,-80.7,228,4193.2,95,cat2,7,False
2022211N20129,TRASES,2022,WP,6,2022-07-30 00:00:00,21.1,127.2,closest_approach,2022-08-01 12:00:00,36.2,126.4,5,36.2,126.4,60,1700.3,35,ts,2,False
2013241N19254,JULIETTE,2013,EP,5,2013-08-28 12:00:00,19.3,-106.4,closest_approach,2013-08-29 12:00:00,25.0,-112.4,2,27.4,-116.3,48,1358.2,50,ts,1,False
2021283N14258,PAMELA,2021,EP,7,2021-10-10 12:00:00,14.6,-103.8,closest_approach,2021-10-13 12:00:00,23.6,-106.8,6,23.6,-106.8,72,1401.3,65,cat1,4,False
2023279N08157,BOLAVEN,2023,WP,18,2023-10-06 00:00:00,8.0,156.5,closest_approach,2023-10-13 12:00:00,29.4,150.8,15,40.3,164.6,204,5198.3,115,cat4,11,False
2017122S13170,DONNA,2017,SP,17,2017-05-02 12:00:00,-12.9,171.2,closest_approach,2017-05-10 00:00:00,-21.6,167.9,15,-24.1,168.0,192,2131.8,110,cat3,11,False
2021222N14301,FRED,2021,NA,21,2021-08-10 00:00:00,14.6,-60.1,landfall,2021-08-12 00:00:00,19.2,-71.7,4,42.7,-72.2,240,5434.2,50,ts,12,False
2009346S10172,MICK,2010,SP,9,2009-12-11 12:00:00,-10.3,172.1,closest_approach,2009-12-14 00:00:00,-17.3,177.5,5,-20.3,182.3,96,1619.5,60,ts,5,True
2017147N14087,MORA,2017,NI,7,2017-05-27 12:00:00,13.8,88.4,landfall,2017-05-30 12:00:00,24.7,92.4,6,24.7,92.4,72,1370.9,60,ts,5,False
2022183N32280,COLIN,2022,NA,2,2022-07-02 00:00:00,32.5,-80.4,landfall,2022-07-02 00:00:00,32.5,-80.4,0,33.4,-79.4,12,136.8,35,ts,0,False
2014092S11159,ITA,2014,SP,24,2014-04-04 00:00:00,-11.0,158.0,landfall,2014-04-11 12:00:00,-14.9,145.2,15,-26.6,161.2,276,3842.7,120,cat4,13,False
2014181N17257,ELIDA,2014,EP,5,2014-06-30 12:00:00,17.1,-103.4,closest_approach,2014-07-02 12:00:00,16.9,-102.6,4,16.9,-102.6,48,319.6,45,ts,0,False
2021179N30287,DANNY,2021,NA,3,2021-06-28 00:00:00,30.1,-74.5,landfall,2021-06-29 00:00:00,32.4,-80.7,2,32.4,-80.7,24,643.6,35,ts,1,False
2016253N26152,UNNAMED,2016,WP,6,2016-09-09 12:00:00,27.6,151.1,closest_approach,2016-09-10 12:00:00,34.0,150.4,2,38.4,163.9,60,2034.4,35,ts,3,False
2012219N12254,GILMA,2012,EP,17,2012-08-06 00:00:00,12.4,-105.9,closest_approach,2012-08-06 00:00:00,12.4,-105.9,0,20.2,-122.3,192,2262.8,65,cat1,6,False
2020299N11144,GONI,2020,WP,24,2020-10-25 12:00:00,11.4,143.6,landfall,2020-11-01 00:00:00,13.5,123.6,13,14.1,109.3,276,4134.3,115,cat4,10,False
2026199N26277,BERTHA,2026,NA,14,2026-07-17 12:00:00,25.6,-83.5,landfall,2026-07-23 00:00:00,29.4,-90.5,11,30.0,-95.2,156,1446.9,50,ts,8,False
2011088S10133,UNNAMED,2011,SI,10,2011-03-30 12:00:00,-10.6,131.8,landfall,2011-03-31 12:00:00,-11.8,130.5,2,-15.9,123.7,108,1090.1,35,ts,5,False
2019246N24266,FERNAND,2019,NA,4,2019-09-03 12:00:00,23.4,-94.7,landfall,2019-09-05 00:00:00,24.7,-98.6,3,24.7,-98.6,36,458.9,45,ts,1,False
2014117N10145,TAPAH,2014,WP,12,2014-04-26 12:00:00,10.0,145.3,closest_approach,2014-05-02 00:00:00,24.1,144.2,11,24.1,144.2,132,1814.0,50,ts,5,False
2016248N15255,NEWTON,2016,EP,8,2016-09-04 12:00:00,15.4,-105.1,landfall,2016-09-07 00:00:00,26.4,-111.9,5,32.3,-110.6,84,2101.2,75,cat1,3,False
2021219N08193,OMAIS,2021,EP,35,2021-08-07 00:00:00,7.7,193.0,closest_approach,2021-08-23 12:00:00,33.6,127.2,33,37.6,131.5,408,9545.1,45,ts,29,True
2016211N11128,NIDA,2016,WP,9,2016-07-29 12:00:00,11.9,127.2,landfall,2016-08-02 00:00:00,22.8,113.5,7,23.9,110.9,96,2243.4,60,ts,4,False
2025233N15126,KAJIKI,2025,WP,6,2025-08-23 00:00:00,17.4,116.6,landfall,2025-08-25 12:00:00,18.5,105.7,5,18.5,105.7,60,1182.7,80,cat1,3,False
2013269N15118,WUTIP,2013,WP,11,2013-09-26 00:00:00,14.8,117.9,landfall,2013-09-30 12:00:00,17.8,105.8,9,17.9,101.8,120,1869.9,65,cat1,5,False
2015286N12163,CHAMPI,2015,WP,24,2015-10-13 12:00:00,13.2,159.2,closest_approach,2015-10-22 00:00:00,23.7,141.2,17,31.2,158.1,276,4678.9,95,cat2,10,False
2022346S10098,DARIAN,2023,SI,34,2022-12-15 00:00:00,-8.8,91.9,closest_approach,2022-12-16 00:00:00,-8.6,94.2,2,-32.5,68.7,396,5296.2,125,cat4,12,False
2012225N16133,KAI-TAK,2012,WP,14,2012-08-11 12:00:00,16.2,133.3,landfall,2012-08-18 00:00:00,21.9,105.3,13,21.9,105.3,156,3063.7,65,cat1,10,False
2014031S17149,EDNA,2014,SP,9,2014-02-02 00:00:00,-19.6,150.6,closest_approach,2014-02-05 00:00:00,-20.5,163.4,6,-25.6,166.3,96,2801.4,50,ts,6,False
2026065S16114,UNNAMED,2026,SI,12,2026-03-06 00:00:00,-15.8,113.7,closest_approach,2026-03-06 00:00:00,-15.8,113.7,0,-15.9,95.1,132,2070.5,35,ts,0,False
2012140N33283,ALBERTO,2012,NA,10,2012-05-19 00:00:00,33.1,-77.0,closest_approach,2012-05-21 00:00:00,30.7,-80.1,4,35.5,-67.9,108,1724.5,50,ts,2,False
2018157N14255,ALETTA,2018,EP,21,2018-06-06 00:00:00,14.0,-105.4,closest_approach,2018-06-06 00:00:00,14.0,-105.4,0,16.2,-116.8,240,2018.3,120,cat4,5,False
2022191N14249,DARBY,2022,EP,16,2022-07-09 12:00:00,13.8,-111.0,closest_approach,2022-07-17 00:00:00,17.7,-156.5,15,17.7,-156.5,180,4922.3,120,cat4,5,False
2019074S08151,TREVOR,2019,SP,22,2019-03-15 00:00:00,-8.3,150.8,landfall,2019-03-16 12:00:00,-10.0,149.0,3,-21.4,137.2,252,2661.5,100,cat3,16,False
2019203N15244,DALILA,2019,EP,9,2019-07-22 12:00:00,15.6,-116.3,closest_approach,2019-07-24 12:00:00,20.2,-119.0,4,22.5,-123.0,96,1097.0,40,ts,2,False
2025245N19129,PEIPAH,2025,WP,5,2025-09-03 12:00:00,27.1,131.4,landfall,2025-09-05 00:00:00,33.9,135.5,3,35.6,143.1,48,1688.2,45,ts,4,False
2020229N18123,HIGOS,2020,WP,7,2020-08-16 12:00:00,17.7,123.3,landfall,2020-08-19 00:00:00,22.2,113.1,5,23.7,110.8,72,1488.4,55,ts,5,False
2015248N12337,GRACE,2015,NA,8,2015-09-05 12:00:00,12.2,-24.4,closest_approach,2015-09-05 12:00:00,12.2,-24.4,0,14.0,-44.9,84,2231.4,50,ts,2,False
2016273N13300,MATTHEW,2016,NA,24,2016-09-28 12:00:00,13.4,-59.8,landfall,2016-10-04 12:00:00,18.4,-74.3,12,35.3,-71.1,276,4778.4,145,cat5,5,False
2014362N07130,JANGMI,2014,WP,9,2014-12-28 00:00:00,7.8,128.6,landfall,2014-12-29 00:00:00,8.9,126.0,2,6.8,118.9,96,1261.1,35,ts,1,False
2025280N13147,NAKRI,2025,WP,13,2025-10-08 12:00:00,20.6,137.3,closest_approach,2025-10-13 00:00:00,33.1,140.3,9,35.5,158.0,144,3922.3,70,cat1,9,False
2012135N10255,ALETTA,2012,EP,13,2012-05-14 00:00:00,9.5,-105.1,closest_approach,2012-05-19 12:00:00,14.7,-112.6,11,14.0,-112.1,144,1606.9,45,ts,4,False
2016148N27288,BONNIE,2016,NA,28,2016-05-27 12:00:00,27.7,-73.1,landfall,2016-05-29 12:30:00,32.8,-79.8,5,30.4,-30.2,312,5973.1,40,ts,3,False
2015050S11094,GLENDA,2015,SI,15,2015-02-22 12:00:00,-13.2,77.1,closest_approach,2015-02-27 00:00:00,-22.8,66.9,9,-34.4,70.5,168,2995.3,50,ts,11,False
2007282N19181,LINGLING,2007,EP,13,2007-10-09 00:00:00,18.8,180.6,closest_approach,2007-10-09 00:00:00,18.8,180.6,0,35.2,175.8,144,2640.5,45,ts,7,True
2024017S15151,KIRRILY,2024,SP,32,2024-01-18 00:00:00,-14.5,154.3,landfall,2024-01-25 12:00:00,-19.2,146.4,15,-18.3,138.3,372,3389.0,50,ts,14,False
2011231N15278,HARVEY,2011,NA,8,2011-08-19 00:00:00,15.4,-82.0,landfall,2011-08-21 00:00:00,17.3,-89.6,4,18.1,-97.2,84,1673.3,50,ts,3,False
2013186N13262,ERICK,2013,EP,11,2013-07-04 12:00:00,13.2,-98.2,closest_approach,2013-07-07 00:00:00,18.5,-105.3,5,24.1,-112.8,120,1960.3,70,cat1,4,False
2009227N12328,BILL,2009,NA,22,2009-08-15 12:00:00,11.5,-33.3,closest_approach,2009-08-23 12:00:00,42.4,-65.4,16,53.0,-13.0,252,9869.4,115,cat4,8,False
2026099N09152,SINLAKU,2026,WP,23,2026-04-09 00:00:00,8.7,152.1,closest_approach,2026-04-10 12:00:00,8.1,150.9,3,29.6,158.8,264,3705.8,154,cat5,8,False
2010256N17137,FANAPI,2010,WP,15,2010-09-13 12:00:00,17.0,135.6,landfall,2010-09-20 12:00:00,23.8,114.9,14,23.8,114.9,168,2599.0,85,cat2,9,False
2025281N38324,KAREN,2025,NA,8,2025-10-08 00:00:00,38.0,-35.9,closest_approach,2025-10-11 12:00:00,51.3,-28.0,7,51.3,-28.0,84,1703.5,50,ts,1,False
2025050S12125,BIANCA,2025,SI,7,2025-02-23 12:00:00,-17.2,106.0,closest_approach,2025-02-26 12:00:00,-26.3,103.7,6,-26.3,103.7,72,1207.7,95,cat2,3,False
2007178N18089,UNNAMED,2007,NI,7,2007-06-27 00:00:00,18.1,89.3,landfall,2007-06-29 12:00:00,21.2,83.7,5,22.4,81.5,72,1130.4,45,ts,4,False
2014159N12068,NANAUK,2014,NI,13,2014-06-08 12:00:00,12.8,68.0,closest_approach,2014-06-14 12:00:00,21.7,65.2,12,21.7,65.2,144,1459.4,45,ts,6,False
2009032S15071,GAEL,2009,SI,21,2009-02-01 00:00:00,-14.9,70.1,closest_approach,2009-02-05 00:00:00,-18.1,58.3,8,-32.4,64.9,240,4179.0,100,cat3,12,False
2007271N14334,MELISSA,2007,NA,15,2007-09-28 12:00:00,14.0,-26.2,closest_approach,2007-09-28 12:00:00,14.0,-26.2,0,24.5,-53.0,168,3134.4,35,ts,2,False
2017230N13249,KENNETH,2017,EP,21,2017-08-17 12:00:00,13.2,-111.4,closest_approach,2017-08-17 12:00:00,13.2,-111.4,0,29.3,-135.7,240,3748.5,115,cat4,8,False
2015047S15152,MARCIA,2015,SP,12,2015-02-17 00:00:00,-14.4,155.5,landfall,2015-02-20 00:00:00,-22.8,150.5,6,-26.2,155.6,132,2060.3,105,cat3,5,False
2026011S14076,DUDZAI,2026,SI,21,2026-01-11 00:00:00,-14.4,76.5,closest_approach,2026-01-20 00:00:00,-22.9,58.4,18,-27.6,57.3,240,3232.5,124,cat4,10,False
2020136N10088,AMPHAN,2020,NI,12,2020-05-15 12:00:00,9.5,87.0,landfall,2020-05-20 12:00:00,22.1,88.4,10,24.6,89.6,132,1776.8,125,cat4,6,False
2017242N19122,MAWAR,2017,WP,6,2017-09-01 00:00:00,20.0,118.9,closest_approach,2017-09-03 12:00:00,22.6,116.1,5,22.6,116.1,60,418.2,50,ts,2,False
2017354N08134,TEMBIN,2017,WP,13,2017-12-20 12:00:00,8.7,131.9,landfall,2017-12-22 00:00:00,7.8,125.4,3,8.5,103.6,144,3135.1,70,cat1,7,False
2010284N14278,PAULA,2010,NA,10,2010-10-11 00:00:00,13.9,-81.8,landfall,2010-10-11 12:00:00,15.0,-83.2,1,22.9,-79.9,108,1662.8,90,cat2,4,False
2012196N19144,KHANUN,2012,WP,11,2012-07-14 00:00:00,19.1,144.0,landfall,2012-07-19 00:00:00,37.8,127.7,10,37.8,127.7,120,3075.9,50,ts,8,False
2021018S11133,UNNAMED,2021,SI,9,2021-01-19 00:00:00,-10.8,127.6,landfall,2021-01-22 12:00:00,-20.9,121.3,7,-22.4,123.2,96,1889.4,35,ts,4,False
2015162N12262,CARLOS,2015,EP,16,2015-06-10 12:00:00,11.5,-97.8,landfall,2015-06-17 12:00:00,19.7,-105.1,14,21.4,-106.2,180,1623.2,75,cat1,7,False
2020051S13186,VICKY,2020,SP,9,2020-02-20 00:00:00,-13.1,-174.4,closest_approach,2020-02-20 12:00:00,-13.7,-172.1,1,-23.3,-170.7,96,1578.6,40,ts,2,False
2024341S12086,CHIDO,2025,SI,12,2024-12-10 00:00:00,-11.0,61.7,landfall,2024-12-15 12:00:00,-13.7,38.6,11,-13.7,38.6,132,2562.2,115,cat4,5,False
2018280N18273,MICHAEL,2018,NA,18,2018-10-07 00:00:00,18.1,-86.9,landfall,2018-10-11 00:00:00,31.5,-84.5,8,42.8,-10.3,204,8264.2,125,cat4,7,False
2008104N08128,NEOGURI,2008,WP,14,2008-04-13 00:00:00,8.4,127.5,landfall,2008-04-19 12:00:00,22.8,113.0,13,22.8,113.0,156,2876.4,80,cat1,9,False
2020251N17319,PAULETTE,2020,NA,44,2020-09-07 00:00:00,16.9,-41.3,closest_approach,2020-09-25 00:00:00,33.7,-19.8,36,36.1,-25.5,516,11222.0,90,cat2,16,False
2008026S11064,GULA,2008,SI,14,2008-01-26 00:00:00,-10.7,62.6,closest_approach,2008-01-31 12:00:00,-22.3,58.4,11,-26.6,54.9,156,2144.4,85,cat2,7,False
2009346S07086,DAVID,2010,SI,29,2009-12-12 00:00:00,-6.6,85.8,closest_approach,2009-12-20 12:00:00,-11.0,62.1,17,-14.4,71.0,336,4430.5,45,ts,22,False
2024359S13097,UNNAMED,2025,SI,9,2024-12-27 00:00:00,-11.6,95.0,closest_approach,2024-12-27 12:00:00,-12.5,96.4,1,-17.6,90.0,96,1299.6,35,ts,0,False
2018268N14253,ROSA,2018,EP,15,2018-09-25 12:00:00,14.6,-107.7,landfall,2018-10-02 12:00:00,29.3,-114.4,14,29.3,-114.4,168,2647.0,125,cat4,5,False
2024224N27154,SON-TINH,2024,WP,8,2024-08-11 00:00:00,27.2,154.9,closest_approach,2024-08-14 12:00:00,43.4,148.0,7,43.4,148.0,84,2168.4,40,ts,1,False
2014209N12152,HALONG,2014,WP,28,2014-07-28 00:00:00,11.6,150.9,landfall,2014-08-10 00:00:00,34.1,134.3,26,38.9,136.9,324,4971.2,105,cat3,11,False
2012039S14075,GIOVANNA,2012,SI,27,2012-02-08 12:00:00,-14.1,70.4,landfall,2012-02-14 00:00:00,-19.0,48.7,11,-22.4,52.3,312,5242.4,100,cat3,9,False
2007062S14119,JACOB,2007,SI,20,2007-03-03 00:00:00,-13.8,118.0,landfall,2007-03-12 12:00:00,-22.1,120.7,19,-22.1,120.7,228,3314.1,65,cat1,13,False
2025082S13116,COURTNEY,2025,SI,17,2025-03-24 12:00:00,-16.4,111.3,closest_approach,2025-03-24 12:00:00,-16.4,111.3,0,-24.8,88.6,192,3113.0,110,cat3,10,False
2015085N06162,MAYSAK,2015,WP,21,2015-03-26 00:00:00,6.0,161.5,closest_approach,2015-04-05 00:00:00,16.3,122.5,20,16.3,122.5,240,4462.0,105,cat3,11,False
2010067S25317,UNNAMED,2010,SA,10,2010-03-08 00:00:00,-25.2,-42.6,closest_approach,2010-03-10 00:00:00,-29.8,-48.2,4,-36.5,-34.8,108,2485.8,45,ts,8,False
2025282N16261,RAYMOND,2025,EP,7,2025-10-09 12:00:00,15.9,-99.9,closest_approach,2025-10-12 00:00:00,22.6,-110.0,5,24.5,-109.7,72,1544.6,50,ts,2,False
2018186N10325,BERYL,2018,NA,26,2018-07-04 12:00:00,10.0,-34.9,landfall,2018-07-10 12:00:00,19.3,-71.6,12,43.0,-57.1,300,7503.0,70,cat1,4,False
2006013S13184,URMIL,2006,SP,4,2006-01-13 12:00:00,-13.5,-174.7,closest_approach,2006-01-13 12:00:00,-13.5,-174.7,0,-24.0,-171.2,36,1225.2,60,ts,2,False
2007091S14175,CLIFF,2007,SP,8,2007-04-03 00:00:00,-14.4,177.3,closest_approach,2007-04-04 00:00:00,-16.2,179.7,2,-27.4,190.9,84,2073.0,55,ts,5,True
2013305N16252,SONIA,2013,EP,6,2013-11-01 12:00:00,16.3,-108.0,closest_approach,2013-11-04 00:00:00,22.7,-108.4,5,22.7,-108.4,60,862.0,40,ts,4,False
2019242N18126,KAJIKI,2019,WP,7,2019-08-31 00:00:00,18.6,122.7,landfall,2019-09-03 00:00:00,15.8,107.1,6,15.8,107.1,72,1778.0,35,ts,5,False
2009299N12153,MIRINAE,2009,WP,16,2009-10-26 00:00:00,12.3,151.4,landfall,2009-11-02 12:00:00,12.7,108.5,15,12.7,108.5,180,4721.6,80,cat1,5,False
2013360S12124,CHRISTINE,2014,SI,11,2013-12-27 12:00:00,-14.3,121.5,landfall,2013-12-31 00:00:00,-22.1,117.0,7,-30.8,126.7,120,2396.4,90,cat2,6,False
2015009S19054,BANSI,2015,SI,19,2015-01-09 12:00:00,-18.6,52.9,closest_approach,2015-01-13 00:00:00,-17.5,57.3,7,-25.6,79.9,216,3431.4,120,cat4,7,False
2018155N10132,MALIKSI,2018,WP,10,2018-06-07 00:00:00,15.5,128.1,closest_approach,2018-06-11 12:00:00,34.7,144.6,9,34.7,144.6,108,3000.6,60,ts,6,False
2007151N14072,GONU,2007,NI,16,2007-05-31 12:00:00,14.0,71.7,landfall,2007-06-08 00:00:00,25.9,57.8,15,25.9,57.8,180,2128.1,115,cat4,8,False
2019326S08163,RITA,2020,SP,15,2019-11-22 00:00:00,-7.5,163.0,closest_approach,2019-11-27 00:00:00,-15.2,168.7,10,-14.1,169.7,168,1716.3,70,cat1,6,False
2011009S15113,VINCE,2011,SI,13,2011-01-10 12:00:00,-15.2,110.5,closest_approach,2011-01-14 12:00:00,-16.2,114.4,8,-16.2,112.2,144,1455.3,40,ts,5,False
2021276N07131,LIONROCK,2021,WP,16,2021-10-03 00:00:00,7.4,129.6,landfall,2021-10-04 00:00:00,10.0,125.0,2,20.6,106.3,180,3090.7,35,ts,10,False
2008193N20126,KALMAEGI,2008,WP,19,2008-07-11 12:00:00,19.9,126.5,landfall,2008-07-18 12:00:00,26.7,119.9,14,37.5,125.4,216,2989.6,60,ts,11,False
2010051S06195,SARAH,2010,SP,24,2010-02-21 00:00:00,-7.2,-160.6,closest_approach,2010-03-04 12:00:00,-18.4,-165.7,23,-18.4,-165.7,276,2411.6,35,ts,11,False
2012362S13116,MITCHELL,2013,SI,10,2012-12-27 00:00:00,-13.6,114.1,closest_approach,2012-12-30 12:00:00,-23.9,109.9,7,-30.2,108.6,108,2058.3,45,ts,5,False
2017193N12252,FERNANDA,2017,EP,23,2017-07-12 00:00:00,12.2,-109.4,closest_approach,2017-07-23 00:00:00,19.9,-147.9,22,19.9,-147.9,264,4388.3,125,cat4,6,False
2006259N17245,MIRIAM,2006,EP,11,2006-09-16 00:00:00,17.3,-115.0,closest_approach,2006-09-21 00:00:00,24.4,-113.2,10,24.4,-113.2,120,964.7,40,ts,2,False
2019112S10053,KENNETH,2019,SI,11,2019-04-22 00:00:00,-9.5,52.4,landfall,2019-04-26 00:00:00,-12.5,39.4,8,-14.1,38.8,120,1668.0,110,cat3,7,False
2021132N06132,UNNAMED,2021,WP,6,2021-05-12 00:00:00,6.4,131.4,landfall,2021-05-14 00:00:00,7.5,125.3,4,8.1,122.7,60,983.9,35,ts,2,False
2010080S06089,IMANI,2010,SI,17,2010-03-21 12:00:00,-7.3,89.0,closest_approach,2010-03-21 12:00:00,-7.3,89.0,0,-25.0,83.8,192,2422.4,70,cat1,8,False
2025349S13169,UNNAMED,2026,SP,7,2025-12-14 12:00:00,-12.9,168.9,closest_approach,2025-12-14 12:00:00,-12.9,168.9,0,-13.5,172.3,72,673.2,39,ts,0,False
2025034S19166,UNNAMED,2025,SP,6,2025-02-02 12:00:00,-19.4,165.9,closest_approach,2025-02-03 12:00:00,-21.0,168.0,2,-21.3,174.1,60,925.2,45,ts,1,False
2008152N18273,ARTHUR,2008,NA,5,2008-05-31 00:00:00,17.5,-87.5,landfall,2008-05-31 12:00:00,18.0,-88.4,1,17.6,-91.1,48,418.8,35,ts,0,False
2016040S16155,TATIANA,2016,SP,10,2016-02-09 00:00:00,-16.1,155.2,closest_approach,2016-02-13 00:00:00,-21.1,160.5,8,-24.1,160.3,108,1490.4,55,ts,8,False
2008206N22133,FUNG-WONG,2008,WP,12,2008-07-24 00:00:00,21.5,133.2,landfall,2008-07-28 00:00:00,23.5,121.3,8,27.9,117.6,132,1930.7,75,cat1,7,False
2009107S07133,KIRRILY,2009,SI,12,2009-04-23 12:00:00,-8.3,133.0,landfall,2009-04-27 00:00:00,-6.8,134.4,7,-5.3,132.9,132,854.6,35,ts,6,False
2022293N15259,ROSLYN,2022,EP,9,2022-10-20 00:00:00,15.1,-100.9,landfall,2022-10-23 12:00:00,22.1,-105.5,7,25.6,-101.5,96,1749.7,115,cat4,6,False
2020272N12257,MARIE,2020,EP,26,2020-09-27 12:00:00,12.4,-103.4,closest_approach,2020-09-28 12:00:00,13.4,-104.7,2,24.0,-140.3,300,4387.6,120,cat4,10,False
2008286N16323,NANA,2008,NA,7,2008-10-12 12:00:00,16.0,-37.1,closest_approach,2008-10-15 00:00:00,19.4,-46.1,5,22.0,-48.0,72,1380.6,35,ts,0,False
2013274N18152,DANAS,2013,WP,12,2013-10-03 00:00:00,16.4,149.8,closest_approach,2013-10-08 12:00:00,34.5,129.5,11,34.5,129.5,132,3543.7,90,cat2,8,False
2019112S04079,LORNA,2019,SI,17,2019-04-22 00:00:00,-4.3,79.5,closest_approach,2019-04-22 00:00:00,-4.3,79.5,0,-22.9,89.2,192,2594.0,80,cat1,14,False
2013238N19266,FERNAND,2013,NA,3,2013-08-25 12:00:00,18.7,-94.2,landfall,2013-08-26 12:00:00,20.1,-97.3,2,20.1,-97.3,24,364.7,50,ts,1,False
2025308N09144,FUNG-WONG,2025,WP,19,2025-11-04 12:00:00,8.7,142.5,landfall,2025-11-12 12:00:00,22.2,120.8,16,25.8,127.3,216,4466.1,95,cat2,9,False
2023292N11063,TEJ,2023,NI,11,2023-10-19 12:00:00,10.2,62.4,landfall,2023-10-24 12:00:00,16.4,51.3,10,16.4,51.3,120,1551.2,95,cat2,6,False
2015218N18149,MOLAVE,2015,WP,15,2015-08-07 00:00:00,21.4,147.9,closest_approach,2015-08-11 00:00:00,31.5,142.7,8,37.4,161.7,168,3464.7,45,ts,8,False
2019300N41309,REBEKAH,2019,NA,12,2019-10-27 00:00:00,40.5,-51.5,closest_approach,2019-10-27 00:00:00,40.5,-51.5,0,40.5,-27.5,132,3435.0,70,cat1,2,False
2012288N14248,PAUL,2012,EP,10,2012-10-13 12:00:00,13.8,-112.0,closest_approach,2012-10-17 12:00:00,26.7,-113.7,8,28.4,-115.9,108,2053.8,100,cat3,5,False
2011069S20321,UNNAMED,2011,SA,14,2011-03-10 00:00:00,-20.0,-39.1,landfall,2011-03-11 12:00:00,-19.4,-39.9,3,-25.8,-32.0,156,1657.0,45,ts,13,False
2019195N13136,DANAS,2019,WP,15,2019-07-14 12:00:00,14.2,134.5,landfall,2019-07-21 00:00:00,37.8,128.8,13,40.4,130.5,168,3974.5,45,ts,9,False
2023241N28308,JOSE,2023,NA,8,2023-08-29 00:00:00,27.7,-51.7,closest_approach,2023-09-01 12:00:00,34.9,-51.4,7,34.9,-51.4,84,873.8,55,ts,6,False
2018096S15172,KENI,2018,SP,11,2018-04-06 12:00:00,-15.4,171.4,closest_approach,2018-04-10 00:00:00,-18.7,177.0,7,-30.6,188.9,120,3039.9,85,cat2,7,True
2025252S09069,BLOSSOM,2026,SI,8,2025-09-09 12:00:00,-9.7,68.4,closest_approach,2025-09-13 00:00:00,-7.5,60.5,7,-7.5,60.5,84,988.9,35,ts,0,False
2018255N37320,JOYCE,2018,NA,20,2018-09-12 00:00:00,37.0,-39.8,closest_approach,2018-09-18 12:00:00,32.0,-27.3,13,30.8,-35.0,228,3596.0,45,ts,0,False
2015226N12151,GONI,2015,WP,25,2015-08-14 00:00:00,12.2,150.4,closest_approach,2015-08-25 00:00:00,33.9,130.5,22,39.1,133.5,288,5617.0,100,cat3,20,False
2014007S11104,COLIN,2014,SI,18,2014-01-07 12:00:00,-11.4,102.4,closest_approach,2014-01-07 12:00:00,-11.4,102.4,0,-35.1,83.8,204,5456.9,105,cat3,9,False
2014303N11261,VANCE,2014,EP,13,2014-10-30 00:00:00,10.8,-99.6,closest_approach,2014-11-05 00:00:00,20.7,-108.0,12,20.7,-108.0,144,2286.5,95,cat2,10,False
2008252N16128,SINLAKU,2008,WP,28,2008-09-07 12:00:00,15.8,127.6,landfall,2008-09-14 00:00:00,24.7,121.8,13,35.0,152.8,324,4761.7,100,cat3,6,False
2019256N23286,HUMBERTO,2019,NA,17,2019-09-12 12:00:00,23.0,-74.2,closest_approach,2019-09-14 12:00:00,26.5,-76.5,4,41.5,-57.5,192,3291.2,110,cat3,13,False
2006234N12338,DEBBY,2006,NA,13,2006-08-22 00:00:00,12.0,-22.7,closest_approach,2006-08-22 00:00:00,12.0,-22.7,0,32.1,-48.3,144,3744.5,45,ts,3,False
2013289N14149,FRANCISCO,2013,WP,22,2013-10-15 12:00:00,13.9,148.7,closest_approach,2013-10-26 00:00:00,31.8,140.0,21,31.8,140.0,252,4212.6,105,cat3,7,False
2024259N31284,UNNAMED,2024,NA,5,2024-09-15 00:00:00,30.7,-76.1,landfall,2024-09-17 00:00:00,34.2,-79.2,4,34.2,-79.2,48,501.9,50,ts,3,False
2011201N33301,CINDY,2011,NA,6,2011-07-20 12:00:00,33.4,-57.0,closest_approach,2011-07-22 00:00:00,42.6,-43.7,3,48.4,-32.1,60,2671.1,55,ts,2,False
2025243N14239,KIKO,2025,EP,23,2025-08-31 00:00:00,14.4,-121.1,closest_approach,2025-09-10 12:00:00,22.7,-157.4,21,24.3,-159.5,264,4388.0,125,cat4,8,False
2012024S15116,IGGY,2012,SI,21,2012-01-24 00:00:00,-15.5,113.0,landfall,2012-02-03 00:00:00,-29.7,115.2,20,-29.7,115.2,240,2922.5,60,ts,15,False
2023281N14260,MAX,2023,EP,5,2023-10-08 00:00:00,13.8,-99.9,landfall,2023-10-10 00:00:00,17.9,-100.8,4,17.9,-100.8,48,543.8,55,ts,3,False
2018027S11156,FEHI,2018,SP,11,2018-01-26 12:00:00,-11.4,156.1,closest_approach,2018-01-29 12:00:00,-21.2,163.5,6,-36.8,165.9,120,3147.3,50,ts,10,False
2013281N12098,PHAILIN,2013,NI,13,2013-10-07 12:00:00,11.8,97.6,landfall,2013-10-13 00:00:00,20.4,84.5,11,22.6,83.9,144,2033.0,115,cat4,8,False
2026039S18057,GEZANI,2026,SI,21,2026-02-08 00:00:00,-18.0,56.9,landfall,2026-02-11 00:00:00,-18.2,48.3,6,-32.9,41.7,240,4350.6,109,cat3,5,False
2017198N10312,DON,2017,NA,4,2017-07-17 00:00:00,10.3,-47.7,closest_approach,2017-07-18 12:00:00,11.4,-57.1,3,11.4,-57.1,36,1034.4,45,ts,2,False
2009245N17303,ERIKA,2009,NA,5,2009-09-02 00:00:00,16.8,-58.0,closest_approach,2009-09-04 00:00:00,16.8,-65.5,4,16.8,-65.5,48,808.8,45,ts,0,False
2021197N17135,IN-FA,2021,WP,29,2021-07-16 00:00:00,17.1,135.1,landfall,2021-07-26 12:00:00,31.0,120.4,21,38.6,118.7,336,3602.1,85,cat2,12,False
2013217N11118,MANGKHUT,2013,WP,7,2013-08-05 00:00:00,10.9,118.1,landfall,2013-08-08 00:00:00,19.9,104.2,6,19.9,104.2,72,1822.9,40,ts,4,False
2014209N16134,NAKRI,2014,WP,15,2014-07-27 12:00:00,15.7,134.2,closest_approach,2014-08-03 12:00:00,35.5,125.6,14,35.5,125.6,168,2637.5,55,ts,9,False
2010233N17119,MINDULLE,2010,WP,9,2010-08-21 00:00:00,16.7,118.0,landfall,2010-08-24 12:00:00,19.0,105.5,7,19.4,104.1,96,1591.1,45,ts,6,False
2018239N11161,JEBI,2018,WP,18,2018-08-27 00:00:00,12.2,159.6,closest_approach,2018-09-04 00:00:00,32.4,133.8,16,39.2,137.7,204,4956.3,105,cat3,8,False
2011233N15301,IRENE,2011,NA,19,2011-08-21 00:00:00,15.0,-59.0,landfall,2011-08-27 12:00:00,34.7,-76.6,13,53.0,-60.0,216,5706.1,105,cat3,7,False
2007084S12157,BECKY,2007,SP,10,2007-03-25 00:00:00,-12.1,157.9,closest_approach,2007-03-27 12:00:00,-16.1,166.4,5,-20.9,167.1,108,1704.7,60,ts,5,False
2023180N13264,BEATRIZ,2023,EP,5,2023-06-29 00:00:00,13.2,-96.3,closest_approach,2023-07-01 00:00:00,18.4,-103.7,4,18.4,-103.7,48,983.3,70,cat1,3,False
2024256N16332,GORDON,2024,NA,12,2024-09-11 12:00:00,15.7,-27.9,closest_approach,2024-09-11 12:00:00,15.7,-27.9,0,18.9,-48.8,132,2309.1,40,ts,5,False
2021311N13248,SANDRA,2021,EP,6,2021-11-07 12:00:00,13.5,-113.5,closest_approach,2021-11-07 12:00:00,13.5,-113.5,0,14.1,-123.0,60,1066.4,35,ts,0,False
2012162N06150,GUCHOL,2012,WP,21,2012-06-10 00:00:00,6.1,150.4,landfall,2012-06-19 12:00:00,35.0,137.5,19,38.2,143.0,240,6046.1,100,cat3,13,False
2024364S17177,UNNAMED,2025,SP,2,2024-12-29 12:00:00,-17.4,177.9,closest_approach,2024-12-29 12:00:00,-17.4,177.9,0,-17.4,180.8,12,307.7,39,ts,0,True
2021163N11240,CARLOS,2021,EP,11,2021-06-12 00:00:00,11.2,-120.3,closest_approach,2021-06-12 00:00:00,11.2,-120.3,0,8.4,-135.8,120,1776.1,45,ts,3,False
2006049S16051,UNNAMED,2006,SI,12,2006-02-18 00:00:00,-16.2,51.4,closest_approach,2006-02-23 12:00:00,-16.3,50.7,11,-16.3,50.7,132,1734.5,50,ts,4,False
2015244N12248,KEVIN,2015,EP,11,2015-09-01 00:00:00,12.0,-112.4,closest_approach,2015-09-06 00:00:00,24.0,-114.7,10,24.0,-114.7,120,1485.9,45,ts,5,False
2022299N11134,NALGAE,2022,WP,17,2022-10-26 00:00:00,11.2,134.3,landfall,2022-10-29 00:00:00,13.7,122.4,6,22.1,113.3,192,2801.2,60,ts,11,False
2007365S15134,HELEN,2008,SI,15,2007-12-31 00:00:00,-14.8,134.8,landfall,2007-12-31 00:00:00,-14.8,134.8,0,-14.6,142.6,168,2592.2,50,ts,9,False
2023234N25271,HAROLD,2023,NA,5,2023-08-21 12:00:00,24.7,-89.2,landfall,2023-08-23 00:00:00,27.7,-100.1,3,29.7,-103.3,48,1522.7,50,ts,2,False
2020152N12269,AMANDA,2020,EP,2,2020-05-31 00:00:00,12.7,-90.6,landfall,2020-05-31 12:00:00,14.1,-90.3,1,14.1,-90.3,12,159.0,35,ts,1,False
2008117N11090,NARGIS,2008,NI,18,2008-04-25 12:00:00,10.5,90.3,landfall,2008-05-02 12:00:00,16.0,94.5,14,20.8,98.5,204,2457.8,90,cat2,14,False
2019001S10162,MONA,2019,SP,17,2019-01-01 00:00:00,-9.6,164.4,closest_approach,2019-01-06 00:00:00,-14.7,179.3,10,-22.1,179.9,192,3877.5,50,ts,6,True
2006216N07151,SAOMAI,2006,WP,17,2006-08-04 00:00:00,7.0,151.3,landfall,2006-08-10 12:00:00,27.2,120.0,13,29.5,113.9,192,4667.1,105,cat3,11,False
2023284N10330,SEAN,2023,NA,12,2023-10-11 00:00:00,9.8,-31.4,closest_approach,2023-10-16 12:00:00,18.3,-51.0,11,18.3,-51.0,132,2347.1,40,ts,4,False
2006021S11053,BOLOETSE,2006,SI,30,2006-01-22 12:00:00,-14.2,56.6,landfall,2006-01-29 00:00:00,-20.5,48.2,13,-33.5,51.9,348,4953.1,85,cat2,25,False
2022285N12116,SONCA,2022,WP,6,2022-10-12 12:00:00,11.6,115.5,landfall,2022-10-15 00:00:00,15.5,107.8,5,15.5,107.8,60,960.6,35,ts,3,False
2007285N30307,UNNAMED,2007,NA,13,2007-10-11 12:00:00,29.5,-52.6,closest_approach,2007-10-17 12:00:00,45.8,-26.7,12,45.8,-26.7,144,3211.5,45,ts,11,False
2010236N12341,EARL,2010,NA,27,2010-08-24 00:00:00,12.4,-19.3,closest_approach,2010-09-05 12:00:00,52.4,-55.4,25,55.7,-53.5,312,9959.3,120,cat4,18,False
2006053S11144,KATE,2006,SP,4,2006-02-22 12:00:00,-10.9,144.7,closest_approach,2006-02-23 12:00:00,-11.3,146.8,2,-11.4,146.5,36,268.1,50,ts,1,False
2011270N18139,NALGAE,2011,WP,18,2011-09-26 12:00:00,18.1,139.2,landfall,2011-10-04 12:00:00,18.6,108.9,16,18.2,108.2,204,3389.5,95,cat2,9,False
2014160N15259,CRISTINA,2014,EP,21,2014-06-09 00:00:00,14.8,-101.3,closest_approach,2014-06-10 00:00:00,15.6,-101.8,2,22.2,-116.6,240,2185.5,130,cat4,7,False
2015207N22091,KOMEN,2015,NI,6,2015-07-28 12:00:00,21.3,90.5,landfall,2015-07-31 00:00:00,23.1,90.2,5,23.1,90.2,60,386.0,35,ts,3,False
2020366S12073,DANILO,2021,SI,27,2020-12-30 12:00:00,-12.0,72.6,closest_approach,2021-01-11 12:00:00,-19.8,57.6,24,-19.7,55.1,312,3525.2,55,ts,11,False
2011215N24164,MERBOK,2011,WP,14,2011-08-02 12:00:00,23.7,164.1,closest_approach,2011-08-09 00:00:00,40.4,160.6,13,40.4,160.6,156,2788.6,50,ts,7,False
2012337S06089,CLAUDIA,2013,SI,20,2012-12-04 00:00:00,-7.2,85.7,closest_approach,2012-12-04 00:00:00,-7.2,85.7,0,-30.2,78.1,228,3491.1,90,cat2,12,False
2011253N20145,ROKE,2011,WP,24,2011-09-10 00:00:00,20.2,142.6,landfall,2011-09-21 12:00:00,37.2,140.6,23,37.2,140.6,276,4028.7,85,cat2,21,False
2024278N11150,BARIJAT,2024,WP,13,2024-10-04 12:00:00,11.2,148.8,closest_approach,2024-10-10 00:00:00,32.6,150.2,11,36.5,152.5,144,3108.6,40,ts,11,False
2011267N16111,HAITANG,2011,WP,7,2011-09-24 00:00:00,15.7,110.9,closest_approach,2011-09-27 00:00:00,16.7,107.8,6,16.7,107.8,72,892.3,35,ts,2,False
2010002S09096,EDZANI,2010,SI,28,2010-01-01 12:00:00,-9.2,95.7,closest_approach,2010-01-01 12:00:00,-9.2,95.7,0,-37.9,76.2,324,5649.8,120,cat4,14,False
2025273N09248,OCTAVE,2025,EP,20,2025-09-30 00:00:00,9.3,-112.4,closest_approach,2025-10-09 12:00:00,17.6,-111.0,19,17.6,-111.0,228,3009.2,80,cat1,12,False
2014260N13135,FUNG-WONG,2014,WP,13,2014-09-17 12:00:00,12.7,131.1,closest_approach,2014-09-22 12:00:00,29.1,122.1,10,32.0,122.5,144,2925.6,45,ts,3,False
2014058N09149,FAXAI,2014,WP,16,2014-02-27 00:00:00,8.4,148.3,closest_approach,2014-02-27 00:00:00,8.4,148.3,0,23.4,158.8,180,2425.7,65,cat1,11,False
2007203N13255,DALILA,2007,EP,17,2007-07-22 00:00:00,12.5,-104.6,closest_approach,2007-07-26 00:00:00,20.3,-112.3,8,24.1,-122.5,192,2464.3,50,ts,6,False
2016269N15165,CHABA,2016,WP,19,2016-09-26 00:00:00,15.9,159.0,closest_approach,2016-10-05 00:00:00,34.4,128.1,18,34.4,128.1,216,5115.4,115,cat4,15,False
2020291N06141,SAUDEL,2020,WP,20,2020-10-16 12:00:00,6.0,140.9,landfall,2020-10-20 12:00:00,16.0,122.0,8,17.9,106.2,228,4318.1,65,cat1,12,False
2007066S12066,INDLALA,2007,SI,21,2007-03-07 00:00:00,-11.6,66.1,landfall,2007-03-15 12:00:00,-15.4,49.7,17,-17.3,47.1,240,2463.7,95,cat2,16,False
2026082S17163,UNNAMED,2026,SP,3,2026-03-23 00:00:00,-17.2,162.5,closest_approach,2026-03-23 12:00:00,-20.1,162.9,1,-23.6,163.8,24,725.3,45,ts,1,False
2026223N14233,HERNAN,2026,EP,10,2026-08-11 00:00:00,14.7,-127.7,closest_approach,2026-08-11 00:00:00,14.7,-127.7,0,16.1,-134.4,108,1171.1,40,ts,5,False
2011244N37296,UNNAMED,2011,NA,7,2011-08-31 12:00:00,37.1,-64.3,closest_approach,2011-09-03 12:00:00,42.0,-59.2,6,42.0,-59.2,72,723.5,40,ts,2,False
2007085S11085,JAYA,2007,SI,23,2007-03-28 00:00:00,-12.3,76.3,landfall,2007-04-03 12:00:00,-14.6,49.4,13,-17.6,40.6,264,4461.9,95,cat2,7,False
2021239N17281,IDA,2021,NA,19,2021-08-26 12:00:00,16.5,-78.9,landfall,2021-08-28 00:00:00,22.6,-83.5,3,47.6,-63.9,216,5483.1,130,cat4,6,False
2013248N16294,GABRIELLE,2013,NA,18,2013-09-05 00:00:00,16.7,-66.3,closest_approach,2013-09-06 00:00:00,18.8,-68.4,2,37.7,-66.6,204,2804.3,55,ts,11,False
2010249N24125,MERANTI,2010,WP,11,2010-09-06 12:00:00,23.2,124.7,landfall,2010-09-10 00:00:00,25.4,118.7,7,32.9,124.0,120,2155.9,50,ts,6,False
2011159N13122,SARIKA,2011,WP,7,2011-06-08 00:00:00,13.4,121.5,landfall,2011-06-11 00:00:00,23.7,117.0,6,23.7,117.0,72,1306.3,40,ts,4,False
2022276N15249,PAINE,2022,EP,9,2022-10-03 12:00:00,15.4,-111.7,closest_approach,2022-10-05 00:00:00,17.8,-113.5,3,19.0,-116.5,96,714.3,35,ts,1,False
2020024S14190,UNNAMED,2020,SP,9,2020-01-24 12:00:00,-15.0,-169.4,closest_approach,2020-01-24 12:00:00,-15.0,-169.4,0,-23.9,-167.3,96,1149.0,35,ts,2,False
2017195N16114,TALAS,2017,WP,6,2017-07-15 00:00:00,16.8,112.2,landfall,2017-07-17 00:00:00,18.9,103.9,4,19.3,100.8,60,1239.9,50,ts,3,False
2009069S19204,JONI,2009,SP,10,2009-03-10 00:00:00,-18.6,-156.2,closest_approach,2009-03-11 00:00:00,-20.7,-158.0,2,-37.4,-156.1,108,2239.9,55,ts,5,False
2018279N11069,LUBAN,2018,NI,18,2018-10-06 00:00:00,11.0,67.9,landfall,2018-10-14 12:00:00,16.0,51.4,17,16.0,51.4,204,1925.2,75,cat1,9,False
2007208S03086,UNNAMED,2008,SI,6,2007-07-28 12:00:00,-6.5,86.5,closest_approach,2007-07-29 12:00:00,-9.7,90.0,2,-12.2,90.4,60,988.1,40,ts,3,False
2022311N21293,NICOLE,2022,NA,11,2022-11-06 12:00:00,20.6,-66.8,landfall,2022-11-10 12:00:00,28.0,-81.6,8,33.2,-84.6,120,2678.3,65,cat1,7,False
2024267N14261,JOHN,2024,EP,11,2024-09-22 12:00:00,13.8,-98.6,landfall,2024-09-24 12:00:00,17.5,-100.3,4,18.0,-102.9,120,925.0,100,cat3,3,False
2021029S14162,BINA,2021,SP,7,2021-01-29 00:00:00,-14.0,162.4,closest_approach,2021-02-01 00:00:00,-16.2,178.2,6,-16.2,178.2,72,1917.1,45,ts,4,False
2019063S18038,IDAI,2019,SI,23,2019-03-05 00:00:00,-17.0,37.2,landfall,2019-03-05 00:00:00,-17.0,37.2,0,-19.0,32.2,264,2414.6,105,cat3,18,False
2021198N15254,GUILLERMO,2021,EP,9,2021-07-17 00:00:00,15.0,-105.6,closest_approach,2021-07-17 00:00:00,15.0,-105.6,0,18.5,-127.2,96,2374.4,45,ts,3,False
2013158N13129,YAGI,2013,WP,16,2013-06-07 12:00:00,15.4,129.7,closest_approach,2013-06-13 00:00:00,32.2,139.5,11,30.8,140.1,180,2525.6,45,ts,6,False
2015330S10178,TUNI,2016,SP,10,2015-11-26 00:00:00,-10.1,178.0,closest_approach,2015-11-28 12:00:00,-14.4,186.4,5,-19.6,192.3,108,1917.3,40,ts,5,True
2007188N04148,MAN-YI,2007,WP,19,2007-07-07 00:00:00,4.5,148.2,closest_approach,2007-07-14 12:00:00,32.7,132.8,15,34.9,145.7,216,5615.5,95,cat2,10,False
2006268N12129,XANGSANE,2006,WP,14,2006-09-25 12:00:00,11.7,128.3,landfall,2006-09-27 12:00:00,13.2,123.7,4,15.6,104.3,156,2680.7,80,cat1,9,False
2013167N12128,LEEPI,2013,WP,10,2013-06-16 12:00:00,12.4,127.5,closest_approach,2013-06-21 00:00:00,32.0,127.2,9,32.0,127.2,108,2269.2,40,ts,5,False
2012147N30284,BERYL,2012,NA,16,2012-05-25 12:00:00,30.1,-76.1,landfall,2012-05-28 12:00:00,30.4,-82.5,6,38.1,-53.2,180,4082.8,60,ts,5,False
2008111S06082,DURGA,2008,SI,10,2008-04-21 12:00:00,-8.1,86.5,closest_approach,2008-04-24 12:00:00,-11.4,99.6,6,-16.4,99.6,108,2110.9,50,ts,2,False
2012272N22251,NORMAN,2012,EP,4,2012-09-28 12:00:00,22.7,-108.6,landfall,2012-09-30 00:00:00,25.7,-111.3,3,25.7,-111.3,36,551.8,45,ts,0,False
2011158N11260,ADRIAN,2011,EP,15,2011-06-07 00:00:00,10.7,-99.7,closest_approach,2011-06-09 00:00:00,13.5,-102.0,4,16.9,-117.9,168,2202.8,120,cat4,6,False
2009215N20133,MORAKOT,2009,WP,13,2009-08-03 12:00:00,20.6,135.1,landfall,2009-08-08 00:00:00,24.5,121.1,9,26.7,119.8,144,2024.5,75,cat1,7,False
2014274N15260,SIMON,2014,EP,18,2014-09-30 12:00:00,14.7,-100.1,landfall,2014-10-09 00:00:00,27.7,-113.4,17,27.7,-113.4,204,2972.5,115,cat4,9,False
2009189N17129,SOUDELOR,2009,WP,10,2009-07-08 00:00:00,17.4,128.8,landfall,2009-07-12 00:00:00,20.4,110.2,8,21.1,106.8,108,2350.0,35,ts,6,False
2009228N11163,VAMCO,2009,WP,21,2009-08-16 00:00:00,11.3,161.9,closest_approach,2009-08-26 00:00:00,51.4,169.3,20,51.4,169.3,240,5081.6,90,cat2,8,False
2025182N22149,MUN,2025,WP,13,2025-07-02 00:00:00,25.0,147.4,closest_approach,2025-07-08 00:00:00,39.2,149.1,12,39.2,149.1,144,1945.3,50,ts,9,False
2009257N14256,MARTY,2009,EP,18,2009-09-14 00:00:00,14.7,-104.7,closest_approach,2009-09-14 00:00:00,14.7,-104.7,0,23.3,-130.4,204,2954.8,40,ts,6,False
2014259N11262,POLO,2014,EP,22,2014-09-16 00:00:00,11.4,-97.6,closest_approach,2014-09-21 12:00:00,22.0,-111.0,11,16.0,-120.8,252,3246.8,65,cat1,4,False
2012266N14254,MIRIAM,2012,EP,22,2012-09-22 00:00:00,13.5,-106.4,closest_approach,2012-09-29 12:00:00,21.3,-114.5,15,16.7,-116.2,252,2411.3,105,cat3,5,False
2007249N24161,DANAS,2007,WP,11,2007-09-06 12:00:00,25.2,159.6,closest_approach,2007-09-10 00:00:00,36.7,148.8,7,40.6,164.5,120,3321.6,50,ts,6,False
2017280N32321,OPHELIA,2017,NA,23,2017-10-06 12:00:00,31.8,-39.5,closest_approach,2017-10-17 00:00:00,57.3,-6.1,21,59.3,1.5,264,5958.0,100,cat3,16,False
2008128N07134,RAMMASUN,2008,WP,14,2008-05-07 00:00:00,7.3,133.4,closest_approach,2008-05-13 00:00:00,31.7,142.2,12,33.6,145.5,156,3594.0,105,cat3,7,False
2006147N15259,ALETTA,2006,EP,8,2006-05-27 12:00:00,15.0,-100.9,closest_approach,2006-05-29 00:00:00,15.9,-101.1,3,16.4,-103.7,84,479.8,40,ts,2,False
2020052S13140,ESTHER,2020,SP,16,2020-02-22 12:00:00,-13.6,138.4,landfall,2020-02-24 12:00:00,-16.8,137.1,4,-18.2,123.9,180,2225.8,35,ts,3,False
2014254N14327,EDOUARD,2014,NA,23,2014-09-11 00:00:00,14.2,-34.4,closest_approach,2014-09-18 00:00:00,38.3,-49.5,14,34.2,-30.4,264,6347.0,105,cat3,11,False
2014344S09102,BAKUNG,2015,SI,9,2014-12-10 00:00:00,-8.5,100.3,closest_approach,2014-12-10 00:00:00,-8.5,100.3,0,-8.6,88.0,96,1372.8,40,ts,2,False
2017321N07124,KIROGI,2017,WP,6,2017-11-17 00:00:00,8.7,120.2,landfall,2017-11-19 12:00:00,12.2,107.5,5,12.2,107.5,60,1493.7,35,ts,2,False
2019060S10078,HALEH,2019,SI,17,2019-03-01 12:00:00,-10.3,76.2,closest_approach,2019-03-07 00:00:00,-25.1,68.1,11,-37.8,66.1,192,3386.2,95,cat2,7,False
2024045S15192,UNNAMED,2024,SP,6,2024-02-14 12:00:00,-15.4,-167.3,closest_approach,2024-02-14 12:00:00,-15.4,-167.3,0,-23.6,-155.7,60,1523.2,55,ts,5,False
2025168N11269,ERICK,2025,EP,7,2025-06-17 00:00:00,11.3,-92.4,landfall,2025-06-19 12:00:00,16.4,-98.4,5,17.8,-100.3,72,1122.9,110,cat3,4,False
2019268N10155,MITAG,2019,WP,18,2019-09-26 00:00:00,11.7,147.2,landfall,2019-10-04 12:00:00,38.8,140.7,17,38.8,140.7,204,5874.5,75,cat1,9,False
2025280N11319,JERRY,2025,NA,9,2025-10-07 12:00:00,11.4,-43.6,closest_approach,2025-10-10 12:00:00,19.7,-63.1,6,25.2,-63.3,96,2957.8,55,ts,2,False
2021272N07338,VICTOR,2021,NA,11,2021-09-29 00:00:00,7.0,-22.0,closest_approach,2021-09-29 00:00:00,7.0,-22.0,0,17.2,-42.1,120,2503.1,55,ts,5,False
2022233N22151,TOKAGE,2022,WP,10,2022-08-21 12:00:00,22.3,151.1,closest_approach,2022-08-26 00:00:00,46.9,160.9,9,46.9,160.9,108,3136.1,75,cat1,4,False
2022244N38313,DANIELLE,2022,NA,31,2022-08-31 12:00:00,37.5,-46.6,closest_approach,2022-09-15 00:00:00,42.2,-10.1,29,40.9,-10.1,360,5913.9,75,cat1,9,False
2024275N10336,LESLIE,2024,NA,23,2024-10-01 00:00:00,10.2,-24.4,closest_approach,2024-10-01 00:00:00,10.2,-24.4,0,28.4,-48.8,264,4010.7,90,cat2,18,False
2016020S14078,CORENTIN,2016,SI,15,2016-01-21 00:00:00,-14.6,75.7,closest_approach,2016-01-23 00:00:00,-21.6,71.9,4,-28.4,76.6,168,2580.9,60,ts,4,False
2017202N19124,ROKE,2017,WP,4,2017-07-21 12:00:00,19.1,123.1,closest_approach,2017-07-23 00:00:00,22.3,114.8,3,22.3,114.8,36,942.2,35,ts,2,False
2015020S12208,NIKO,2015,SP,11,2015-01-20 00:00:00,-12.2,-151.6,closest_approach,2015-01-20 00:00:00,-12.2,-151.6,0,-31.7,-149.4,120,2421.4,55,ts,6,False
2010234N14267,FRANK,2010,EP,15,2010-08-22 00:00:00,13.8,-93.8,closest_approach,2010-08-23 12:00:00,14.5,-98.0,3,20.8,-111.3,168,2357.8,75,cat1,9,False
2009287N10154,LUPIT,2009,WP,27,2009-10-14 00:00:00,9.4,152.3,closest_approach,2009-10-23 00:00:00,19.0,123.5,18,38.3,146.1,312,7039.7,95,cat2,10,False
2018148N17090,UNNAMED,2018,NI,5,2018-05-28 00:00:00,16.5,90.2,landfall,2018-05-30 00:00:00,21.3,95.4,4,21.3,95.4,48,764.4,35,ts,2,False
2010215N13319,COLIN,2010,NA,12,2010-08-02 12:00:00,12.5,-40.7,closest_approach,2010-08-05 00:00:00,20.4,-62.5,5,29.7,-65.7,132,3744.3,50,ts,7,False
2024313S06092,BHEKI,2025,SI,16,2024-11-14 12:00:00,-10.3,76.1,closest_approach,2024-11-21 00:00:00,-20.1,58.5,12,-22.6,53.4,192,2883.5,90,cat2,5,False
2025029S25043,ELVIS,2025,SI,5,2025-01-29 12:00:00,-25.0,42.8,closest_approach,2025-01-30 00:00:00,-25.9,43.8,1,-32.7,49.4,48,1075.6,45,ts,0,False
2016207N17116,MIRINAE,2016,WP,7,2016-07-25 12:00:00,17.2,114.9,landfall,2016-07-28 00:00:00,20.7,105.6,5,22.3,104.8,72,1253.5,55,ts,4,False
2006060S13058,DIWA,2006,SI,16,2006-03-01 12:00:00,-13.3,58.1,closest_approach,2006-03-05 12:00:00,-20.8,53.8,8,-32.8,60.2,180,2975.6,60,ts,14,False
2020327N08086,NIVAR,2020,NI,11,2020-11-22 12:00:00,8.5,85.6,landfall,2020-11-26 00:00:00,12.5,80.0,7,15.0,80.1,120,1133.3,65,cat1,6,False
2010198N15123,CHANTHU,2010,WP,14,2010-07-17 00:00:00,15.3,123.3,landfall,2010-07-18 12:00:00,15.1,120.1,3,23.7,106.2,156,2218.7,70,cat1,10,False
2019210N16117,WIPHA,2019,WP,12,2019-07-29 00:00:00,15.9,117.0,landfall,2019-08-01 12:00:00,21.3,110.2,7,20.3,105.4,132,1512.0,40,ts,6,False
2011013S15151,ZELIA,2011,SP,11,2011-01-13 00:00:00,-14.4,150.2,closest_approach,2011-01-14 00:00:00,-12.4,151.0,2,-36.1,169.9,120,3712.0,85,cat2,7,False
2025218N19149,PODUL,2025,WP,14,2025-08-07 00:00:00,18.2,147.9,closest_approach,2025-08-13 12:00:00,23.5,118.8,13,23.5,118.8,156,3186.9,80,cat1,12,False
2024141N03142,EWINIAR,2024,WP,23,2024-05-20 00:00:00,2.5,142.2,landfall,2024-05-26 00:00:00,14.0,121.5,12,33.1,140.0,264,5602.5,75,cat1,14,False
2007212N36294,CHANTAL,2007,NA,12,2007-07-31 00:00:00,35.5,-66.5,closest_approach,2007-08-01 12:00:00,46.0,-54.5,3,66.0,-7.0,132,5324.8,60,ts,4,False
2019266N11341,LORENZO,2019,NA,23,2019-09-23 00:00:00,11.0,-20.4,closest_approach,2019-10-04 00:00:00,55.4,-10.5,22,55.4,-10.5,264,7898.0,130,cat4,12,False
2006242N16246,KRISTY,2006,EP,21,2006-08-30 00:00:00,16.0,-114.0,closest_approach,2006-09-01 00:00:00,18.7,-117.4,4,15.0,-132.0,240,2391.3,70,cat1,3,False
2018334S09156,OWEN,2019,SP,45,2018-11-30 00:00:00,-8.8,155.6,landfall,2018-12-10 00:00:00,-16.1,144.1,20,-18.2,147.2,528,6328.6,85,cat2,26,False
2014068S16169,LUSI,2014,SP,12,2014-03-09 00:00:00,-15.2,168.7,landfall,2014-03-10 12:00:00,-15.4,167.1,3,-30.9,172.9,132,2345.0,80,cat1,8,False
2010110S10118,SEAN,2010,SI,20,2010-04-20 00:00:00,-9.7,117.5,closest_approach,2010-04-20 00:00:00,-9.7,117.5,0,-16.1,86.9,228,3841.8,55,ts,8,False
2008062S10064,JOKWE,2008,SI,24,2008-03-02 12:00:00,-10.0,64.2,landfall,2008-03-06 00:00:00,-12.4,49.0,7,-25.3,40.5,276,4043.6,105,cat3,11,False
2009017S20043,FANELE,2009,SI,12,2009-01-18 00:00:00,-20.9,42.5,landfall,2009-01-21 12:00:00,-22.5,45.4,7,-30.7,52.9,132,2131.5,100,cat3,5,False
2017253N14130,DOKSURI,2017,WP,11,2017-09-11 00:00:00,14.7,126.1,landfall,2017-09-15 12:00:00,18.0,104.6,9,18.6,101.2,120,2727.0,80,cat1,7,False
2011205N12130,NOCK-TEN,2011,WP,14,2011-07-24 00:00:00,12.3,129.5,landfall,2011-07-29 12:00:00,19.7,110.3,11,19.1,105.2,156,2841.1,50,ts,9,False
2008220N12250,HERNAN,2008,EP,21,2008-08-06 12:00:00,12.2,-109.9,closest_approach,2008-08-16 12:00:00,15.0,-149.0,20,15.0,-149.0,240,4407.1,105,cat3,6,False
2017082S14152,DEBBIE,2017,SP,12,2017-03-23 12:00:00,-14.6,151.7,landfall,2017-03-28 12:00:00,-20.7,147.8,10,-21.6,146.9,132,1075.3,95,cat2,8,False
2021214N21110,LUPIT,2021,WP,16,2021-08-02 12:00:00,20.9,111.8,landfall,2021-08-05 12:00:00,23.9,117.3,6,39.6,140.9,180,3678.8,40,ts,4,False
2018117S07098,FLAMBOYAN,2018,SI,10,2018-04-27 12:00:00,-7.3,96.6,closest_approach,2018-04-27 12:00:00,-7.3,96.6,0,-18.7,84.4,108,2061.7,60,ts,6,False
2024044S15134,LINCOLN,2024,SI,23,2024-02-13 12:00:00,-15.3,134.8,landfall,2024-02-13 12:00:00,-15.3,134.8,0,-23.4,113.4,264,3717.6,40,ts,5,False
2014017S14160,JUNE,2014,SP,6,2014-01-16 12:00:00,-14.3,160.4,closest_approach,2014-01-18 00:00:00,-20.0,163.8,3,-26.2,165.3,60,1460.6,40,ts,3,False
2006094S08087,ELIA,2006,SI,27,2006-04-03 12:00:00,-8.4,86.5,closest_approach,2006-04-09 00:00:00,-8.4,95.6,11,-17.7,82.8,312,3398.4,40,ts,19,False
2014214N13249,JULIO,2014,EP,33,2014-08-02 00:00:00,12.5,-111.2,closest_approach,2014-08-10 12:00:00,23.1,-151.7,17,37.6,-159.0,384,6633.4,100,cat3,12,False
2015237N14315,ERIKA,2015,NA,8,2015-08-25 00:00:00,14.4,-46.9,closest_approach,2015-08-28 12:00:00,17.6,-68.6,7,17.6,-68.6,84,2352.3,45,ts,5,False
2025216N13243,HENRIETTE,2025,EP,20,2025-08-04 12:00:00,14.1,-118.8,closest_approach,2025-08-10 12:00:00,24.2,-150.9,12,40.5,-168.3,228,6094.0,75,cat1,14,False
2024170N20267,ALBERTO,2024,NA,6,2024-06-18 00:00:00,20.4,-92.7,landfall,2024-06-20 12:00:00,22.4,-98.8,5,22.4,-98.8,60,864.5,45,ts,4,False
2010029S12177,OLI,2010,SP,16,2010-01-30 12:00:00,-11.4,183.7,closest_approach,2010-01-31 00:00:00,-11.0,187.0,1,-30.9,218.4,180,4588.7,100,cat3,10,True
2024037S09184,OSAI,2024,SP,6,2024-02-06 12:00:00,-11.9,-172.0,closest_approach,2024-02-06 12:00:00,-11.9,-172.0,0,-18.8,-163.7,60,1251.8,45,ts,2,False
2024306N39319,PATTY,2024,NA,7,2024-11-01 00:00:00,39.6,-40.0,closest_approach,2024-11-04 00:00:00,37.6,-21.3,6,37.6,-21.3,72,1721.9,55,ts,0,False
2016230N12254,KAY,2016,EP,19,2016-08-17 00:00:00,12.4,-106.5,closest_approach,2016-08-21 00:00:00,20.4,-113.1,8,23.6,-129.7,216,2935.2,45,ts,7,False
2023292S03172,LOLA,2024,SP,12,2023-10-21 00:00:00,-7.4,168.5,landfall,2023-10-25 00:00:00,-16.4,167.7,8,-18.4,165.8,132,1474.9,115,cat4,6,False
2021093S10103,ODETTE,2021,SI,13,2021-04-04 00:00:00,-12.8,104.9,closest_approach,2021-04-10 00:00:00,-19.0,112.9,12,-19.0,112.9,144,1697.4,50,ts,10,False
2007272N15251,JULIETTE,2007,EP,13,2007-09-29 00:00:00,14.7,-108.9,closest_approach,2007-10-05 00:00:00,21.9,-112.0,12,21.9,-112.0,144,1831.5,50,ts,3,False
2008268N12140,JANGMI,2008,WP,16,2008-09-23 12:00:00,11.7,139.6,landfall,2008-09-28 12:00:00,24.2,121.4,10,29.9,130.4,180,3722.9,115,cat4,8,False
2023293N12089,HAMOON,2023,NI,10,2023-10-20 12:00:00,12.7,88.4,landfall,2023-10-25 00:00:00,22.2,92.2,9,22.2,92.2,108,1448.2,55,ts,7,False
2024198N08130,PRAPIROON,2024,WP,17,2024-07-15 12:00:00,7.7,129.7,landfall,2024-07-18 12:00:00,12.8,121.0,6,21.7,106.9,192,3066.2,55,ts,14,False
2023234N19154,DAMREY,2023,WP,16,2023-08-21 12:00:00,18.9,154.3,closest_approach,2023-08-28 00:00:00,38.6,144.6,13,41.2,152.4,180,4505.2,50,ts,10,False
2013280N13242,NARDA,2013,EP,12,2013-10-07 00:00:00,13.1,-119.2,closest_approach,2013-10-07 00:00:00,13.1,-119.2,0,14.5,-133.0,132,1652.2,55,ts,2,False
2018202N18116,UNNAMED,2018,WP,7,2018-07-20 12:00:00,18.0,116.4,closest_approach,2018-07-21 12:00:00,18.9,120.8,2,29.8,122.9,72,1815.5,35,ts,1,False
2013072S12140,TIM,2013,SP,11,2013-03-13 12:00:00,-12.1,146.2,closest_approach,2013-03-13 12:00:00,-12.1,146.2,0,-19.3,151.5,120,1507.0,50,ts,2,False
2006057S12114,EMMA,2006,SI,4,2006-02-27 00:00:00,-17.0,114.2,landfall,2006-02-28 12:00:00,-24.2,117.1,3,-24.2,117.1,36,855.9,40,ts,2,False
2024274N14328,KIRK,2024,NA,21,2024-09-30 00:00:00,13.8,-32.8,landfall,2024-10-10 00:00:00,51.0,8.0,20,51.0,8.0,240,8532.4,130,cat4,8,False
2021169N14260,DOLORES,2021,EP,5,2021-06-18 00:00:00,14.2,-100.4,landfall,2021-06-20 00:00:00,21.4,-104.1,4,21.4,-104.1,48,950.6,60,ts,3,False
2026233N20108,NARRA,2026,WP,11,2026-08-21 00:00:00,20.2,108.6,landfall,2026-08-25 12:00:00,19.5,108.9,9,21.0,110.8,120,829.7,39,ts,5,False
2017097S12171,COOK,2017,SP,11,2017-04-07 00:00:00,-12.8,170.4,landfall,2017-04-08 12:00:00,-16.5,167.5,3,-27.8,171.9,120,2172.8,80,cat1,6,False
2019322N11144,FUNG-WONG,2019,WP,9,2019-11-19 12:00:00,14.6,129.9,closest_approach,2019-11-21 00:00:00,20.1,124.8,3,25.9,125.9,96,1507.2,55,ts,3,False
2013149N14264,BARBARA,2013,EP,5,2013-05-28 12:00:00,13.9,-96.1,landfall,2013-05-30 00:00:00,16.7,-93.9,3,18.2,-93.9,48,567.5,55,ts,2,False
2009251N12336,FRED,2009,NA,24,2009-09-08 00:00:00,11.7,-25.4,closest_approach,2009-09-19 12:00:00,26.6,-69.8,23,26.6,-69.8,276,5375.4,105,cat3,3,False
2014180N32282,ARTHUR,2014,NA,22,2014-06-29 00:00:00,31.2,-77.8,landfall,2014-07-07 00:00:00,52.3,-56.4,16,59.8,-55.7,252,4972.1,85,cat2,10,False
2006198N08152,KAEMI,2006,WP,19,2006-07-17 00:00:00,7.6,151.5,landfall,2006-07-25 12:00:00,24.4,117.6,17,24.9,115.9,216,4312.1,80,cat1,9,False
2008229N18293,FAY,2008,NA,26,2008-08-15 12:00:00,18.4,-67.4,landfall,2008-08-16 00:00:00,18.6,-70.2,1,37.4,-83.2,300,4258.4,55,ts,8,False
2018218N14255,JOHN,2018,EP,17,2018-08-05 12:00:00,13.7,-105.0,closest_approach,2018-08-09 00:00:00,22.5,-114.1,7,28.4,-122.3,192,2778.0,90,cat2,4,False
2018215N41326,DEBBY,2018,NA,16,2018-08-03 00:00:00,40.8,-35.5,closest_approach,2018-08-09 00:00:00,42.4,-47.2,12,47.0,-30.8,180,4454.0,45,ts,12,False
2010069S12188,TOMAS,2010,SP,15,2010-03-10 12:00:00,-11.2,-172.9,closest_approach,2010-03-15 12:00:00,-16.8,-179.6,10,-29.3,-170.3,168,2984.3,100,cat3,9,False
2019231N13135,BAILU,2019,WP,15,2019-08-19 00:00:00,12.6,135.1,landfall,2019-08-25 00:00:00,23.8,117.2,12,25.1,112.2,168,2825.4,50,ts,8,False
2019078S13066,JOANINHA,2019,SI,21,2019-03-22 00:00:00,-14.2,62.5,closest_approach,2019-03-24 00:00:00,-17.0,61.6,4,-27.1,69.3,240,1913.2,100,cat3,9,False
2019255N15251,KIKO,2019,EP,29,2019-09-12 12:00:00,15.6,-110.6,closest_approach,2019-09-12 12:00:00,15.6,-110.6,0,18.6,-145.2,336,4160.8,115,cat4,6,False
2021248N11131,CONSON,2021,WP,18,2021-09-05 00:00:00,11.2,131.4,landfall,2021-09-08 00:00:00,13.7,121.5,6,16.0,107.9,204,2778.0,50,ts,3,False
2014207N12255,HERNAN,2014,EP,11,2014-07-26 00:00:00,12.3,-104.9,closest_approach,2014-07-28 00:00:00,19.0,-112.8,4,25.3,-125.2,120,2587.6,65,cat1,4,False
2024296N13260,KRISTY,2024,EP,16,2024-10-21 12:00:00,13.5,-100.0,closest_approach,2024-10-21 12:00:00,13.5,-100.0,0,19.7,-134.1,180,4223.8,140,cat5,7,False
2020332S11091,BONGOYO,2021,SI,32,2020-11-26 12:00:00,-11.2,91.2,closest_approach,2020-12-12 00:00:00,-21.0,70.8,31,-21.0,70.8,372,4857.7,55,ts,23,False
2018242N13343,FLORENCE,2018,NA,39,2018-08-30 12:00:00,12.8,-17.9,landfall,2018-09-14 12:00:00,34.1,-77.9,30,42.2,-73.3,456,8546.6,125,cat4,24,False
2025298N11089,MONTHA,2025,NI,6,2025-10-26 12:00:00,11.4,86.4,landfall,2025-10-29 00:00:00,17.0,81.3,5,17.0,81.3,60,839.5,50,ts,3,False
2010136N09057,BANDU,2010,NI,15,2010-05-15 12:00:00,9.3,56.5,closest_approach,2010-05-22 00:00:00,12.6,51.0,13,12.6,50.6,168,1302.6,40,ts,12,False
2017257N16251,NORMA,2017,EP,16,2017-09-14 12:00:00,16.9,-109.4,closest_approach,2017-09-18 00:00:00,21.1,-111.2,7,22.5,-116.5,180,1332.5,65,cat1,3,False
2019260N13317,JERRY,2019,NA,23,2019-09-17 00:00:00,12.6,-42.6,closest_approach,2019-09-21 00:00:00,20.1,-62.4,8,35.1,-58.3,264,4870.8,90,cat2,6,False
2008320N23146,HAISHEN,2008,WP,5,2008-11-15 00:00:00,23.5,146.9,closest_approach,2008-11-15 12:00:00,24.8,148.5,1,29.8,157.5,48,1265.7,40,ts,2,False
2023241N10158,KIROGI,2023,WP,20,2023-08-29 00:00:00,10.4,157.5,closest_approach,2023-09-06 00:00:00,32.1,133.3,16,29.1,136.7,228,4697.6,45,ts,5,False
2006106S10153,MONICA,2006,SP,20,2006-04-17 00:00:00,-11.9,150.3,landfall,2006-04-19 12:00:00,-13.6,142.7,5,-13.9,129.8,228,2544.5,135,cat4,13,False
2007172N15088,UNNAMED,2007,NI,14,2007-06-21 00:00:00,15.4,87.1,landfall,2007-06-22 12:00:00,16.3,79.0,3,28.5,63.6,156,3193.3,40,ts,11,False
2020153N13072,NISARGA,2020,NI,7,2020-06-01 00:00:00,13.0,71.6,landfall,2020-06-03 12:00:00,19.1,73.7,5,20.9,76.0,72,1090.4,50,ts,4,False
2018184N10147,MARIA,2018,WP,18,2018-07-03 00:00:00,10.0,147.4,landfall,2018-07-11 12:00:00,27.0,116.8,17,27.0,116.8,204,3820.8,105,cat3,12,False
2010038S08194,PAT,2010,SP,11,2010-02-07 00:00:00,-8.7,-165.2,closest_approach,2010-02-07 00:00:00,-8.7,-165.2,0,-22.2,-166.6,120,2250.8,70,cat1,6,False
2017202N08274,HILARY,2017,EP,24,2017-07-20 12:00:00,7.8,-85.9,closest_approach,2017-07-20 12:00:00,7.8,-85.9,0,27.6,-132.1,276,5495.5,95,cat2,11,False
2010302N09306,TOMAS,2010,NA,25,2010-10-29 12:00:00,9.8,-55.3,closest_approach,2010-11-05 12:00:00,18.7,-74.7,14,39.0,-53.5,288,6224.1,85,cat2,3,False
2010137N10090,LAILA,2010,NI,10,2010-05-17 00:00:00,10.5,89.7,landfall,2010-05-20 12:00:00,15.9,80.5,7,16.9,81.5,108,1372.9,55,ts,5,False
2011250N20266,NATE,2011,NA,11,2011-09-07 00:00:00,20.3,-93.7,landfall,2011-09-12 00:00:00,20.5,-97.8,10,20.5,-97.8,120,809.7,65,cat1,4,False
2011257N19154,SONCA,2011,WP,15,2011-09-13 12:00:00,19.4,153.7,closest_approach,2011-09-19 00:00:00,34.6,144.3,11,41.9,164.9,168,4545.5,70,cat1,11,False
2011225N35294,FRANKLIN,2011,NA,8,2011-08-12 12:00:00,34.7,-66.0,closest_approach,2011-08-14 00:00:00,40.2,-53.2,3,35.6,-37.9,84,2781.5,40,ts,2,False
2025275N22068,SHAKHTI,2025,NI,8,2025-10-03 00:00:00,21.4,67.2,closest_approach,2025-10-05 12:00:00,20.1,60.6,5,19.6,60.2,84,856.6,60,ts,4,False
2018070S10160,LINDA,2018,SP,9,2018-03-11 12:00:00,-10.8,160.0,closest_approach,2018-03-11 12:00:00,-10.8,160.0,0,-25.0,157.0,96,1735.6,50,ts,4,False
2008042S16122,NICHOLAS,2008,SI,20,2008-02-11 00:00:00,-16.0,121.5,landfall,2008-02-20 00:00:00,-23.7,113.7,18,-25.6,114.5,228,1984.8,80,cat1,11,False
2025322S10131,FINA,2026,SI,14,2025-11-18 12:00:00,-9.9,131.2,landfall,2025-11-25 00:00:00,-14.8,127.6,13,-14.8,127.6,156,1109.2,99,cat3,9,False
2014210N10323,BERTHA,2014,NA,23,2014-07-29 12:00:00,9.5,-38.6,closest_approach,2014-08-03 00:00:00,19.2,-69.0,9,47.5,-15.0,264,10384.7,70,cat1,12,False
2015344N07145,MELOR,2015,WP,12,2015-12-11 00:00:00,8.3,139.6,closest_approach,2015-12-15 12:00:00,13.5,120.6,9,14.1,119.8,132,2278.4,95,cat2,6,False
2018273N12259,SERGIO,2018,EP,27,2018-09-29 12:00:00,12.0,-101.3,landfall,2018-10-12 12:00:00,26.6,-113.0,26,26.6,-113.0,312,5292.2,120,cat4,10,False
2019314N14136,KALMAEGI,2019,WP,23,2019-11-11 12:00:00,12.5,133.1,landfall,2019-11-20 00:00:00,17.4,121.6,17,9.7,111.5,264,3283.4,70,cat1,15,False
2011282N08136,BANYAN,2011,WP,13,2011-10-09 00:00:00,8.0,136.3,closest_approach,2011-10-12 12:00:00,12.0,121.1,7,19.7,117.6,144,2862.8,35,ts,4,False
2014015N10129,LINGLING,2014,WP,7,2014-01-17 00:00:00,9.4,128.3,closest_approach,2014-01-19 00:00:00,7.9,128.0,4,6.9,128.6,72,452.4,35,ts,2,False
2011021S16129,BIANCA,2011,SI,12,2011-01-24 12:00:00,-15.0,126.0,landfall,2011-01-24 12:00:00,-15.0,126.0,0,-31.3,112.3,132,3124.8,95,cat2,7,False
2006224N21141,WUKONG,2006,WP,16,2006-08-12 12:00:00,22.0,140.3,landfall,2006-08-18 00:00:00,32.5,130.7,11,38.2,129.9,180,2343.4,50,ts,5,False
2016006N02188,PALI,2016,EP,18,2016-01-06 00:00:00,1.9,-171.7,closest_approach,2016-01-06 00:00:00,1.9,-171.7,0,2.6,-172.3,204,1825.2,80,cat1,13,False
2014036S12073,FOBANE,2014,SI,23,2014-02-05 12:00:00,-12.5,72.1,closest_approach,2014-02-11 12:00:00,-24.5,66.4,12,-32.2,62.0,264,4041.6,57,ts,8,False
2008150N10274,ALMA,2008,EP,4,2008-05-29 00:00:00,10.1,-86.5,landfall,2008-05-30 00:00:00,12.9,-87.1,2,15.0,-88.0,36,571.2,45,ts,1,False
2010263N15328,LISA,2010,NA,19,2010-09-20 00:00:00,15.2,-32.0,closest_approach,2010-09-25 00:00:00,20.4,-27.8,10,30.2,-31.5,216,2168.6,75,cat1,10,False
2021204N21146,NEPARTAK,2021,WP,14,2021-07-22 12:00:00,21.4,146.2,landfall,2021-07-28 00:00:00,39.2,141.4,11,40.8,136.8,156,3047.6,40,ts,4,False
2019282N35286,MELISSA,2019,NA,12,2019-10-09 00:00:00,36.1,-72.4,closest_approach,2019-10-09 00:00:00,36.1,-72.4,0,40.8,-52.9,132,2351.4,55,ts,2,False
2024067S10090,NEVILLE,2024,SI,33,2024-03-09 12:00:00,-12.2,94.5,closest_approach,2024-03-15 12:00:00,-17.8,115.0,12,-25.5,86.1,384,5838.2,100,cat3,25,False
2011212N10264,EUGENE,2011,EP,22,2011-07-30 12:00:00,10.3,-96.5,closest_approach,2011-07-30 12:00:00,10.3,-96.5,0,17.5,-140.5,252,4955.2,115,cat4,9,False
2006128N09138,CHANCHU,2006,WP,23,2006-05-08 00:00:00,8.8,136.8,landfall,2006-05-13 00:00:00,13.4,120.6,10,31.6,124.8,264,4762.1,95,cat2,14,False
2020285N17120,NANGKA,2020,WP,8,2020-10-11 00:00:00,16.7,119.9,landfall,2020-10-13 12:00:00,19.1,110.5,5,19.9,105.5,84,1571.3,45,ts,4,False
2024293N17275,NADINE,2024,NA,3,2024-10-19 00:00:00,17.3,-85.5,landfall,2024-10-20 00:00:00,17.3,-90.0,2,17.3,-90.0,24,478.1,45,ts,1,False
2011229N14261,GREG,2011,EP,13,2011-08-17 00:00:00,14.7,-100.1,closest_approach,2011-08-17 12:00:00,16.3,-103.4,1,19.6,-126.8,144,2916.2,75,cat1,3,False
2020005S13121,BLAKE,2020,SI,11,2020-01-05 00:00:00,-13.8,121.4,landfall,2020-01-06 12:00:00,-17.5,122.2,3,-26.0,123.7,120,1686.9,45,ts,2,False
2023013S08081,CHENESO,2023,SI,34,2023-01-13 12:00:00,-7.8,80.9,landfall,2023-01-19 12:00:00,-15.2,49.6,12,-32.7,51.4,396,6904.7,75,cat1,29,False
2022034S16082,CLIFF,2022,SI,10,2022-02-03 00:00:00,-15.9,82.9,closest_approach,2022-02-07 12:00:00,-24.6,74.8,9,-24.6,74.8,108,1633.8,40,ts,3,False
2022276S05090,BALITA,2023,SI,13,2022-10-04 00:00:00,-7.3,89.4,closest_approach,2022-10-04 00:00:00,-7.3,89.4,0,-16.8,87.9,144,1452.1,40,ts,11,False
2020228N37286,KYLE,2020,NA,4,2020-08-14 12:00:00,36.6,-74.2,closest_approach,2020-08-14 12:00:00,36.6,-74.2,0,39.7,-61.6,36,1158.4,45,ts,2,False
2021028S15128,UNNAMED,2021,SI,18,2021-01-29 00:00:00,-16.4,126.2,landfall,2021-01-29 00:00:00,-16.4,126.2,0,-28.1,113.8,204,2277.8,35,ts,15,False
2013316N06130,PODUL,2013,WP,8,2013-11-11 12:00:00,6.0,129.8,landfall,2013-11-15 00:00:00,12.1,108.8,7,12.1,108.8,84,2433.5,35,ts,6,False
2022232N18131,MA-ON,2022,WP,12,2022-08-20 00:00:00,17.8,131.0,landfall,2022-08-25 12:00:00,21.5,108.2,11,21.5,108.2,132,2619.7,55,ts,8,False
2010191N12138,CONSON,2010,WP,16,2010-07-10 12:00:00,12.3,136.6,landfall,2010-07-18 00:00:00,21.2,105.2,15,21.2,105.2,180,3620.6,65,cat1,5,False
2026244N23132,KROVANH,2026,WP,17,2026-09-01 12:00:00,22.0,132.7,landfall,2026-09-09 12:00:00,34.8,137.8,16,34.8,137.8,192,3138.7,39,ts,3,False
2025159N12250,COSME,2025,EP,7,2025-06-08 12:00:00,12.3,-110.4,closest_approach,2025-06-11 12:00:00,16.2,-113.8,6,16.2,-113.8,72,795.6,60,ts,3,False
2009239N12270,JIMENA,2009,EP,20,2009-08-27 00:00:00,12.4,-91.4,landfall,2009-09-03 00:00:00,26.7,-112.4,14,26.5,-113.3,228,3444.0,135,cat4,10,False
2009185N13260,BLANCA,2009,EP,17,2009-07-04 00:00:00,13.7,-101.3,closest_approach,2009-07-04 00:00:00,13.7,-101.3,0,26.8,-126.5,192,3205.6,45,ts,6,False
2020249N14265,JULIO,2020,EP,6,2020-09-04 12:00:00,14.3,-94.7,closest_approach,2020-09-05 00:00:00,14.8,-97.4,1,19.3,-110.7,60,1804.2,40,ts,3,False
2009311N20157,UNNAMED,2009,WP,8,2009-11-06 12:00:00,20.1,156.8,closest_approach,2009-11-07 00:00:00,20.6,155.7,1,20.2,162.0,84,890.0,45,ts,3,False
2021001S14136,IMOGEN,2021,SP,4,2021-01-02 12:00:00,-15.4,138.1,landfall,2021-01-04 00:00:00,-17.8,142.1,3,-17.8,142.1,36,508.7,50,ts,2,False
2024293N21294,OSCAR,2024,NA,8,2024-10-19 00:00:00,21.0,-66.5,landfall,2024-10-21 00:00:00,20.2,-74.5,4,22.7,-74.6,84,1266.9,75,cat1,2,False
2019160N11073,VAYU,2019,NI,19,2019-06-09 00:00:00,10.1,71.9,landfall,2019-06-18 00:00:00,23.2,69.0,18,23.2,69.0,216,2154.7,80,cat1,7,False
2022270N14136,ROKE,2022,WP,10,2022-09-26 12:00:00,14.0,136.0,closest_approach,2022-09-30 12:00:00,30.0,140.3,8,31.8,144.5,108,2843.4,70,cat1,7,False
2012285S04077,ANAIS,2013,SI,15,2012-10-11 12:00:00,-6.4,73.6,closest_approach,2012-10-18 12:00:00,-16.2,53.6,14,-16.2,53.6,168,2483.1,100,cat3,6,False
2014297N11062,NILOFAR,2014,NI,19,2014-10-23 12:00:00,10.8,62.1,closest_approach,2014-11-01 12:00:00,21.7,63.3,18,21.7,63.3,216,1616.9,105,cat3,11,False
2008338N06092,UNNAMED,2008,NI,14,2008-12-03 00:00:00,5.8,91.5,landfall,2008-12-08 00:00:00,7.0,79.9,10,6.7,75.3,156,1934.2,35,ts,6,False
2013242N15245,KIKO,2013,EP,11,2013-08-30 00:00:00,15.7,-115.1,closest_approach,2013-09-04 00:00:00,22.6,-116.1,10,22.6,-116.1,120,943.7,65,cat1,5,False
2007151N18273,BARRY,2007,NA,12,2007-05-31 00:00:00,18.1,-87.0,landfall,2007-06-03 00:00:00,31.4,-81.4,6,47.5,-68.5,132,3779.0,50,ts,4,False
2015190N12210,IUNE,2015,EP,17,2015-07-09 00:00:00,11.5,-151.3,closest_approach,2015-07-12 00:00:00,14.9,-158.5,6,14.8,-176.6,192,2966.6,35,ts,6,False
2024061S11062,FILIPO,2024,SI,18,2024-03-06 00:00:00,-21.8,41.4,landfall,2024-03-12 12:00:00,-22.9,34.1,13,-33.4,42.3,204,2986.9,80,cat1,17,False
2007352S12088,DAMA,2008,SI,9,2007-12-17 12:00:00,-11.7,87.9,closest_approach,2007-12-17 12:00:00,-11.7,87.9,0,-20.5,89.9,96,1795.9,35,ts,3,False
2020221N13262,ELIDA,2020,EP,13,2020-08-08 00:00:00,12.6,-97.9,closest_approach,2020-08-09 12:00:00,16.3,-104.7,3,26.6,-120.9,144,2958.8,90,cat2,7,False
2015099S13163,SOLO,2015,SP,7,2015-04-09 12:00:00,-12.9,162.1,closest_approach,2015-04-12 00:00:00,-20.2,165.9,5,-22.9,170.3,72,1733.6,55,ts,3,False
2008217N19120,KAMMURI,2008,WP,8,2008-08-04 00:00:00,19.3,118.9,landfall,2008-08-06 12:00:00,21.6,111.6,5,21.6,106.9,84,1302.4,50,ts,4,False
2007298N18136,FAXAI,2007,WP,5,2007-10-25 00:00:00,18.7,134.9,closest_approach,2007-10-27 00:00:00,29.0,135.8,4,29.0,135.8,48,1426.4,55,ts,4,False
2009031S16147,ELLIE,2009,SP,7,2009-01-30 12:00:00,-16.2,146.5,landfall,2009-02-02 00:00:00,-18.8,145.5,5,-19.3,144.9,72,636.8,40,ts,3,False
2023179N15256,ADRIAN,2023,EP,15,2023-06-27 12:00:00,15.2,-104.5,closest_approach,2023-06-27 12:00:00,15.2,-104.5,0,19.9,-121.7,168,1951.9,90,cat2,6,False
2014204N10239,GENEVIEVE,2014,EP,43,2014-07-23 00:00:00,10.6,237.2,closest_approach,2014-08-02 00:00:00,12.4,206.4,20,36.3,164.7,504,9625.2,110,cat3,32,True
2018174N12244,DANIEL,2018,EP,11,2018-06-23 00:00:00,12.4,-115.9,closest_approach,2018-06-25 12:00:00,18.8,-117.3,5,19.4,-124.4,120,1557.3,40,ts,4,False
2012186N12255,DANIEL,2012,EP,20,2012-07-04 12:00:00,12.7,-106.3,closest_approach,2012-07-14 00:00:00,15.0,-155.3,19,15.0,-155.3,228,5303.1,90,cat2,7,False
2006078S12119,FLOYD,2006,SI,17,2006-03-19 00:00:00,-11.4,118.5,closest_approach,2006-03-19 00:00:00,-11.4,118.5,0,-20.8,111.8,192,2103.2,105,cat3,10,False
2024269N39302,ISAAC,2024,NA,18,2024-09-24 12:00:00,38.7,-58.4,closest_approach,2024-10-03 00:00:00,51.9,-21.0,17,51.9,-21.0,204,3937.3,90,cat2,8,False
2007082S16125,KARA,2007,SI,10,2007-03-24 12:00:00,-16.3,119.3,closest_approach,2007-03-28 00:00:00,-19.2,121.0,7,-18.0,121.5,108,1294.6,100,cat3,5,False
2019264N19071,HIKAA:HIKKA,2019,NI,11,2019-09-21 00:00:00,19.1,70.9,landfall,2019-09-25 00:00:00,19.6,56.0,8,18.9,51.7,120,2056.3,75,cat1,7,False
2017247N09327,JOSE,2017,NA,42,2017-09-04 12:00:00,10.0,-34.9,closest_approach,2017-09-23 00:00:00,39.7,-69.3,37,38.7,-68.7,492,7515.3,135,cat4,9,False
2026094S09155,MAILA,2026,SP,16,2026-04-04 00:00:00,-9.1,155.1,closest_approach,2026-04-11 00:00:00,-7.8,154.6,14,-8.7,155.4,180,997.4,119,cat4,8,False
2007268N10324,KAREN,2007,NA,10,2007-09-25 00:00:00,10.0,-35.9,closest_approach,2007-09-29 12:00:00,16.8,-54.2,9,16.8,-54.2,108,2165.5,65,cat1,3,False
2011195N15134,TOKAGE,2011,WP,6,2011-07-13 12:00:00,15.3,133.6,closest_approach,2011-07-14 12:00:00,14.3,132.4,2,15.5,138.6,60,872.5,35,ts,3,False
2013305N07141,UNNAMED,2013,WP,40,2013-11-01 12:00:00,7.1,139.6,landfall,2013-11-05 00:00:00,10.8,119.4,7,12.5,56.0,468,9481.4,35,ts,8,False
2015047S12142,LAM,2015,SP,9,2015-02-16 12:00:00,-11.6,139.8,landfall,2015-02-20 00:00:00,-13.1,134.6,7,-14.5,133.1,96,909.8,90,cat2,6,False
2025328N07132,KOTO,2025,WP,17,2025-11-25 00:00:00,10.5,122.4,closest_approach,2025-11-25 00:00:00,10.5,122.4,0,13.3,110.6,192,1698.1,70,cat1,4,False
2023005S18142,HALE,2023,SP,9,2023-01-05 00:00:00,-18.1,143.0,landfall,2023-01-05 00:00:00,-18.1,143.0,0,-25.4,172.6,96,3215.6,35,ts,4,False
2009092S15178,LIN,2009,SP,7,2009-04-03 12:00:00,-15.7,181.9,closest_approach,2009-04-03 12:00:00,-15.7,181.9,0,-30.2,190.2,72,1858.1,60,ts,3,True
2017209N19118,HAITANG,2017,WP,7,2017-07-28 00:00:00,19.4,116.7,landfall,2017-07-30 12:00:00,23.0,120.5,5,26.1,118.9,72,1315.0,40,ts,3,False
2018044S10133,KELVIN,2018,SI,15,2018-02-14 00:00:00,-13.6,130.2,landfall,2018-02-14 00:00:00,-13.6,130.2,0,-27.2,125.1,168,2308.5,80,cat1,8,False
2015092N06161,HAISHEN,2015,WP,10,2015-04-02 00:00:00,5.6,161.0,closest_approach,2015-04-05 12:00:00,8.9,150.8,7,9.2,150.3,108,1264.2,35,ts,4,False
2008227N16255,ISELLE,2008,EP,21,2008-08-13 12:00:00,16.3,-105.4,closest_approach,2008-08-13 12:00:00,16.3,-105.4,0,13.9,-125.9,240,2520.3,45,ts,2,False
2020222N26149,UNNAMED,2020,WP,8,2020-08-09 00:00:00,25.8,148.9,closest_approach,2020-08-12 12:00:00,25.2,134.2,7,25.2,134.2,84,1500.7,45,ts,1,False
2010084S09138,PAUL,2010,SP,8,2010-03-27 12:00:00,-12.3,136.8,landfall,2010-03-27 12:00:00,-12.3,136.8,0,-13.9,135.2,84,379.0,70,cat1,4,False
2021013S12099,JOSHUA,2021,SI,14,2021-01-13 00:00:00,-11.5,99.0,closest_approach,2021-01-13 00:00:00,-11.5,99.0,0,-19.3,82.6,156,2076.1,50,ts,10,False
2013214N13243,HENRIETTE,2013,EP,21,2013-08-02 00:00:00,12.7,-116.8,closest_approach,2013-08-11 12:00:00,13.6,-155.0,19,13.4,-159.3,240,4823.2,85,cat2,13,False
2007242N19251,GIL,2007,EP,10,2007-08-29 12:00:00,19.4,-109.0,closest_approach,2007-08-29 12:00:00,19.4,-109.0,0,20.3,-124.2,108,1656.4,40,ts,2,False
2020154N19269,CRISTOBAL,2020,NA,21,2020-06-02 00:00:00,19.6,-91.6,landfall,2020-06-04 00:00:00,18.2,-91.7,4,53.3,-79.4,240,4740.0,50,ts,3,False
2025064S12067,JUDE,2025,SI,16,2025-03-09 00:00:00,-14.8,44.6,landfall,2025-03-10 12:00:00,-14.8,38.9,3,-28.3,56.5,180,3750.3,70,cat1,2,False
2026147N10138,JANGMI,2026,WP,15,2026-05-27 12:00:00,10.3,137.2,closest_approach,2026-06-03 00:00:00,34.2,137.8,13,36.7,143.8,168,4175.2,74,cat1,8,False
2020189N10261,CRISTINA,2020,EP,18,2020-07-07 00:00:00,10.8,-100.5,closest_approach,2020-07-09 00:00:00,15.8,-108.4,4,23.4,-139.0,204,4379.3,60,ts,8,False
2009034S16126,FREDDY,2009,SI,23,2009-02-04 12:00:00,-15.3,119.1,closest_approach,2009-02-04 12:00:00,-15.3,119.1,0,-18.1,72.3,264,5193.6,45,ts,7,False
2015251N31298,HENRI,2015,NA,6,2015-09-08 12:00:00,30.9,-61.9,closest_approach,2015-09-11 00:00:00,34.3,-60.7,5,34.3,-60.7,60,481.5,45,ts,3,False
2015122N07144,NOUL,2015,WP,19,2015-05-03 00:00:00,8.1,142.0,closest_approach,2015-05-10 12:00:00,18.6,122.3,15,28.0,128.5,216,3846.1,110,cat3,14,False
2022208N15143,SONGDA,2022,WP,5,2022-07-30 00:00:00,31.3,126.3,closest_approach,2022-08-01 00:00:00,35.3,123.2,4,35.3,123.2,48,585.5,35,ts,0,False
2012086N10116,PAKHAR,2012,WP,10,2012-03-28 00:00:00,9.4,113.4,landfall,2012-04-01 12:00:00,10.7,107.3,9,10.7,107.3,108,706.6,40,ts,4,False
2025159N15258,BARBARA,2025,EP,7,2025-06-08 12:00:00,15.4,-102.7,closest_approach,2025-06-11 12:00:00,21.5,-107.2,6,21.5,-107.2,72,1005.5,65,cat1,2,False
2023108N03160,SANVU,2023,WP,18,2023-04-18 00:00:00,2.6,159.6,closest_approach,2023-04-18 00:00:00,2.6,159.6,0,10.2,145.1,204,2242.4,40,ts,6,False
2014319S06066,ADJALI,2015,SI,20,2014-11-15 00:00:00,-6.0,66.0,closest_approach,2014-11-24 12:00:00,-11.1,50.0,19,-11.1,50.0,228,3364.4,57,ts,5,False
2011167N08129,HAIMA,2011,WP,19,2011-06-16 12:00:00,8.6,129.3,landfall,2011-06-23 12:00:00,21.2,110.0,14,19.2,103.0,216,3602.8,40,ts,12,False
2018213N12245,HECTOR,2018,EP,33,2018-07-31 12:00:00,12.3,244.9,closest_approach,2018-08-09 00:00:00,16.5,203.9,17,32.9,165.6,384,8938.4,135,cat4,13,True
2017260N12310,MARIA,2017,NA,33,2017-09-16 12:00:00,12.2,-49.7,landfall,2017-09-20 12:00:00,18.2,-66.2,8,48.0,-17.0,384,9042.0,150,cat5,7,False
2006282N14243,NORMAN,2006,EP,14,2006-10-09 00:00:00,14.2,-117.2,closest_approach,2006-10-15 12:00:00,18.2,-104.1,13,18.2,-104.1,156,2178.3,45,ts,2,False
2013348S10082,AMARA,2014,SI,28,2013-12-14 12:00:00,-11.0,82.1,closest_approach,2013-12-28 00:00:00,-22.1,61.1,27,-22.1,61.1,324,4518.6,110,cat3,13,False
2017199N14255,GREG,2017,EP,20,2017-07-17 12:00:00,14.1,-105.0,closest_approach,2017-07-17 12:00:00,14.1,-105.0,0,18.1,-142.6,228,4181.7,50,ts,7,False
2018064S16172,HOLA,2018,SP,14,2018-03-05 12:00:00,-15.8,171.6,closest_approach,2018-03-07 00:00:00,-15.9,167.5,3,-31.5,175.8,156,2678.4,90,cat2,5,False
2014267N15257,RACHEL,2014,EP,19,2014-09-24 00:00:00,14.5,-102.6,closest_approach,2014-09-24 00:00:00,14.5,-102.6,0,22.3,-117.6,216,2222.5,75,cat1,8,False
2010243N12146,MALOU,2010,WP,17,2010-08-31 12:00:00,12.6,145.1,closest_approach,2010-09-08 12:00:00,35.3,140.6,16,35.3,140.6,192,4558.3,50,ts,11,False
2025209N12220,KELI,2025,EP,6,2025-07-28 00:00:00,11.7,-141.3,closest_approach,2025-07-30 12:00:00,13.6,-154.7,5,13.6,-154.7,60,1469.7,45,ts,3,False
2006247N14321,FLORENCE,2006,NA,31,2006-09-04 00:00:00,14.7,-40.0,closest_approach,2006-09-14 00:00:00,47.6,-51.3,20,62.0,-34.0,360,9809.8,80,cat1,14,False
2022304N16287,LISA,2022,NA,11,2022-10-31 00:00:00,15.7,-74.4,landfall,2022-11-03 00:00:00,17.5,-88.6,6,19.4,-95.4,120,2302.2,70,cat1,5,False
2021240N13313,KATE,2021,NA,11,2021-08-27 12:00:00,13.1,-47.3,closest_approach,2021-08-28 00:00:00,13.5,-49.5,1,26.6,-52.3,120,1748.8,40,ts,6,False
2023226N11222,GREG,2023,EP,10,2023-08-14 00:00:00,11.3,-138.2,closest_approach,2023-08-17 12:00:00,12.0,-155.1,7,11.4,-160.7,108,2465.1,45,ts,3,False
2008015S16162,FUNA,2008,SP,12,2008-01-15 12:00:00,-15.5,162.5,closest_approach,2008-01-16 12:00:00,-14.7,165.9,2,-33.2,168.2,132,3245.4,95,cat2,8,False
2015293N16164,UNNAMED,2015,WP,7,2015-10-20 00:00:00,17.0,163.2,closest_approach,2015-10-22 12:00:00,27.2,156.5,5,30.3,161.5,72,2100.1,35,ts,6,False
2026205N09261,GENEVIEVE,2026,EP,26,2026-07-24 12:00:00,8.8,-100.1,closest_approach,2026-07-26 00:00:00,11.8,-106.1,3,28.0,-147.0,300,5414.9,135,cat4,6,False
2009288N07267,RICK,2009,EP,15,2009-10-14 12:00:00,7.2,-92.8,closest_approach,2009-10-21 12:00:00,22.8,-107.1,14,22.8,-107.1,168,3193.6,155,cat5,8,False
2012142N09262,BUD,2012,EP,13,2012-05-20 12:00:00,9.0,-98.1,closest_approach,2012-05-26 12:00:00,20.5,-105.8,12,20.5,-105.8,144,2023.2,100,cat3,9,False
2026001S11106,IGGY,2026,SI,6,2026-01-01 00:00:00,-12.4,107.8,closest_approach,2026-01-01 00:00:00,-12.4,107.8,0,-16.7,104.6,60,1000.0,45,ts,1,False
2010358S13152,TASHA,2011,SP,6,2010-12-23 12:00:00,-13.1,152.4,landfall,2010-12-25 00:00:00,-17.7,145.2,3,-21.5,142.5,60,1439.5,35,ts,2,False
2009222N09262,GUILLERMO,2009,EP,27,2009-08-10 00:00:00,10.0,-99.6,closest_approach,2009-08-10 00:00:00,10.0,-99.6,0,38.9,-154.9,312,7533.5,110,cat3,11,False
2019255N09162,PEIPAH,2019,WP,10,2019-09-12 12:00:00,9.6,160.6,closest_approach,2019-09-17 00:00:00,28.9,142.7,9,28.9,142.7,108,3086.5,35,ts,5,False
2017212N27158,NALGAE,2017,WP,12,2017-08-01 00:00:00,26.5,162.4,closest_approach,2017-08-06 12:00:00,43.3,157.4,11,43.3,157.4,132,2481.3,55,ts,10,False
2012304N14246,ROSA,2012,EP,13,2012-10-30 00:00:00,14.0,-115.0,closest_approach,2012-10-30 00:00:00,14.0,-115.0,0,12.8,-121.6,144,831.0,45,ts,3,False
2021012S12086,ELOISE,2021,SI,25,2021-01-12 00:00:00,-11.8,85.3,landfall,2021-01-20 00:00:00,-15.7,49.2,16,-22.5,31.2,288,6138.4,80,cat1,22,False
2026251N13251,NORBERT,2026,EP,11,2026-09-08 00:00:00,13.0,-109.3,closest_approach,2026-09-08 12:00:00,14.0,-110.5,1,17.8,-130.0,120,2323.2,55,ts,7,False
2023228N12259,HILARY,2023,EP,9,2023-08-16 12:00:00,12.6,-102.3,closest_approach,2023-08-20 12:00:00,28.1,-115.3,8,28.1,-115.3,96,2380.5,115,cat4,4,False
2021299N33284,WANDA,2021,NA,27,2021-10-26 00:00:00,34.2,-74.1,closest_approach,2021-10-27 12:00:00,39.9,-70.1,3,43.2,-29.7,312,6666.9,60,ts,2,False
2026095S14172,VAIANU,2026,SP,9,2026-04-05 00:00:00,-13.8,171.8,closest_approach,2026-04-07 00:00:00,-18.1,174.8,4,-26.2,178.8,96,1577.0,99,cat3,4,False
2014285N16305,GONZALO,2014,NA,17,2014-10-12 00:00:00,16.4,-55.9,closest_approach,2014-10-14 12:00:00,19.9,-64.8,5,52.6,-38.3,192,5807.4,125,cat4,9,False
2012232N13141,BOLAVEN,2012,WP,22,2012-08-18 12:00:00,13.2,141.4,landfall,2012-08-29 00:00:00,44.4,127.7,21,44.4,127.7,252,4422.3,100,cat3,14,False
2010331S07089,ABELE,2011,SI,16,2010-11-27 00:00:00,-7.2,87.8,closest_approach,2010-11-27 00:00:00,-7.2,87.8,0,-22.9,94.5,180,2280.0,70,cat1,11,False
2008185N13337,BERTHA,2008,NA,36,2008-07-03 12:00:00,13.1,-24.0,closest_approach,2008-07-03 12:00:00,13.1,-24.0,0,55.1,-31.0,420,9316.2,105,cat3,9,False
2011279N10257,JOVA,2011,EP,15,2011-10-05 12:00:00,9.7,-102.8,landfall,2011-10-12 12:00:00,20.6,-104.9,14,20.6,-104.9,168,2070.0,105,cat3,10,False
2020259N47338,ALPHA,2020,NA,10,2020-09-14 12:00:00,47.2,-22.0,landfall,2020-09-19 00:00:00,40.6,-7.6,9,40.6,-7.6,108,2219.5,60,ts,1,False
2008237N18253,JULIO,2008,EP,8,2008-08-23 12:00:00,18.2,-107.5,landfall,2008-08-25 12:00:00,26.3,-112.0,4,28.3,-111.9,84,1265.5,45,ts,2,False
2008343N16168,DOLPHIN,2008,WP,20,2008-12-08 12:00:00,14.6,166.1,closest_approach,2008-12-15 00:00:00,13.9,130.3,13,22.1,137.3,228,5196.3,65,cat1,15,False
2007300N11068,UNNAMED,2007,NI,6,2007-10-27 12:00:00,11.2,67.7,closest_approach,2007-10-27 12:00:00,11.2,67.7,0,11.2,66.2,60,261.8,40,ts,1,False
2015013S18038,CHEDZA,2015,SI,12,2015-01-15 12:00:00,-19.0,41.2,landfall,2015-01-17 00:00:00,-21.2,46.3,3,-32.0,56.6,132,2407.4,57,ts,2,False
2015024S15078,EUNICE,2015,SI,14,2015-01-27 00:00:00,-13.3,63.2,closest_approach,2015-01-27 00:00:00,-13.3,63.2,0,-29.0,91.7,156,3714.8,120,cat4,6,False
2019213N17155,FRANCISCO,2019,WP,14,2019-08-01 12:00:00,18.8,154.1,landfall,2019-08-06 00:00:00,32.9,130.6,9,41.7,133.2,156,4005.4,70,cat1,8,False
2020186N30289,EDOUARD,2020,NA,11,2020-07-04 12:00:00,30.9,-69.4,landfall,2020-07-09 00:00:00,52.0,-9.0,9,52.0,0.0,120,6036.3,40,ts,4,False
2022263N29314,GASTON,2022,NA,17,2022-09-19 12:00:00,28.7,-46.3,closest_approach,2022-09-27 12:00:00,37.2,-44.2,16,37.2,-44.2,192,3868.6,55,ts,4,False
2019126S05129,LILI,2019,SI,10,2019-05-06 12:00:00,-5.6,129.5,closest_approach,2019-05-11 00:00:00,-9.0,127.6,9,-9.0,127.6,108,612.9,40,ts,6,False
2012230N21126,TEMBIN,2012,WP,25,2012-08-18 12:00:00,18.3,125.4,landfall,2012-08-30 12:00:00,36.8,129.3,24,36.8,129.3,288,3966.5,80,cat1,4,False
2026194N12265,ELIDA,2026,EP,17,2026-07-12 12:00:00,11.6,-95.4,closest_approach,2026-07-13 00:00:00,12.0,-98.1,1,25.7,-127.1,192,4073.2,60,ts,12,False
2026157N14255,BORIS,2026,EP,8,2026-06-06 00:00:00,14.0,-104.2,landfall,2026-06-09 12:00:00,16.7,-98.6,7,16.7,-98.6,84,784.3,40,ts,5,False
2008290S05071,ASMA,2009,SI,18,2008-10-16 00:00:00,-5.5,70.3,closest_approach,2008-10-23 12:00:00,-11.3,49.0,15,-11.7,44.2,204,3260.2,42,ts,8,False
2022225N15253,IVETTE,2022,EP,21,2022-08-12 12:00:00,15.4,-106.7,closest_approach,2022-08-12 12:00:00,15.4,-106.7,0,17.2,-130.0,240,2696.2,35,ts,6,False
2015242N12343,FRED,2015,NA,16,2015-08-30 00:00:00,11.6,-17.5,closest_approach,2015-08-30 00:00:00,11.6,-17.5,0,25.3,-43.2,180,3208.3,75,cat1,3,False
2008111S08096,ROSIE,2008,SI,9,2008-04-20 00:00:00,-8.3,96.4,closest_approach,2008-04-22 12:00:00,-10.5,105.7,5,-13.8,106.3,96,1496.6,50,ts,4,False
2023036S12117,FREDDY,2023,SI,75,2023-02-04 12:00:00,-12.3,116.6,landfall,2023-02-22 00:00:00,-21.3,46.6,35,-16.6,34.3,888,12860.0,120,cat4,29,False
2020256N11329,TEDDY,2020,NA,24,2020-09-12 12:00:00,11.2,-32.4,landfall,2020-09-23 12:00:00,45.0,-62.1,22,49.7,-58.2,276,6539.6,120,cat4,11,False
2020291N32305,EPSILON,2020,NA,21,2020-10-16 12:00:00,31.5,-54.9,closest_approach,2020-10-25 12:00:00,43.3,-51.8,18,52.1,-28.5,240,5601.1,100,cat3,11,False
2014275N06166,VONGFONG,2014,WP,24,2014-10-02 00:00:00,5.9,164.6,landfall,2014-10-13 00:00:00,31.4,130.4,22,34.5,135.8,276,6219.7,115,cat4,12,False
2009233N13230,HILDA,2009,EP,23,2009-08-20 12:00:00,13.3,-129.7,closest_approach,2009-08-28 00:00:00,13.6,-155.4,15,16.6,-176.4,264,5120.2,55,ts,8,False
2009171N15264,ANDRES,2009,EP,10,2009-06-20 00:00:00,15.4,-96.6,closest_approach,2009-06-20 00:00:00,15.4,-96.6,0,20.1,-107.3,108,1400.9,70,cat1,7,False
2014267N18150,KAMMURI,2014,WP,12,2014-09-24 12:00:00,19.9,149.6,closest_approach,2014-09-28 12:00:00,31.6,144.5,8,38.0,156.3,132,2920.9,50,ts,4,False
2012152N12130,MAWAR,2012,WP,13,2012-05-31 00:00:00,12.4,129.5,closest_approach,2012-06-02 00:00:00,16.6,124.3,4,31.3,141.2,144,3243.2,75,cat1,8,False
2025294N14290,MELISSA,2025,NA,22,2025-10-21 12:00:00,14.0,-71.4,landfall,2025-10-29 12:00:00,20.9,-75.8,16,43.7,-56.0,252,4777.2,165,cat5,14,False
2016225N16138,CHANTHU,2016,WP,11,2016-08-12 12:00:00,16.8,138.6,landfall,2016-08-17 12:00:00,44.3,143.1,10,44.3,143.1,120,3379.2,55,ts,9,False
2021151N11257,BLANCA,2021,EP,13,2021-05-30 12:00:00,10.8,-102.9,closest_approach,2021-05-30 12:00:00,10.8,-102.9,0,16.2,-119.0,144,1874.1,50,ts,4,False
2022024S09090,BATSIRAI,2022,SI,31,2022-01-25 12:00:00,-12.3,91.1,landfall,2022-02-06 00:00:00,-21.4,46.7,23,-34.3,43.1,360,6829.2,110,cat3,16,False
2021213N14253,IGNACIO,2021,EP,7,2021-08-01 00:00:00,15.2,-108.1,closest_approach,2021-08-01 00:00:00,15.2,-108.1,0,20.3,-115.2,72,1154.6,35,ts,3,False
2007221N13234,FLOSSIE,2007,EP,16,2007-08-09 00:00:00,13.2,-127.8,closest_approach,2007-08-15 00:00:00,17.3,-155.2,12,17.1,-161.5,180,3721.7,120,cat4,6,False
2016244N21123,NAMTHEUN,2016,WP,11,2016-08-31 00:00:00,21.1,123.8,closest_approach,2016-09-04 12:00:00,32.4,129.7,9,34.0,130.4,120,1828.5,70,cat1,5,False
2012169N29291,CHRIS,2012,NA,16,2012-06-17 00:00:00,28.8,-68.8,closest_approach,2012-06-23 00:00:00,42.6,-48.4,12,43.7,-38.2,180,5021.0,75,cat1,9,False
2009123N10111,CHAN-HOM,2009,WP,21,2009-05-03 00:00:00,9.7,111.4,closest_approach,2009-05-07 12:00:00,16.4,120.2,9,25.7,128.7,240,3272.5,65,cat1,8,False
2017094S17191,UNNAMED,2017,SP,16,2017-04-04 00:00:00,-16.8,-169.0,closest_approach,2017-04-04 00:00:00,-16.8,-169.0,0,-26.1,-168.1,180,2026.5,35,ts,2,False
2020244N30279,OMAR,2020,NA,13,2020-08-31 00:00:00,30.2,-79.4,closest_approach,2020-08-31 00:00:00,30.2,-79.4,0,38.8,-56.8,144,2638.7,35,ts,3,False
2021129N13254,ANDRES,2021,EP,9,2021-05-08 12:00:00,12.7,-105.6,closest_approach,2021-05-10 12:00:00,15.3,-109.3,4,15.7,-114.0,96,1032.8,35,ts,2,False
2016042S10094,URIAH,2016,SI,20,2016-02-11 00:00:00,-10.2,95.0,closest_approach,2016-02-12 00:00:00,-10.4,98.0,2,-25.6,77.3,228,3384.2,105,cat3,13,False
2012201N15129,VICENTE,2012,WP,10,2012-07-20 12:00:00,18.6,122.6,landfall,2012-07-24 00:00:00,22.4,112.2,7,22.8,105.9,108,1972.3,70,cat1,6,False
2016188N12254,CELIA,2016,EP,32,2016-07-06 00:00:00,11.5,-106.3,closest_approach,2016-07-19 12:00:00,23.9,-159.9,27,25.0,-171.7,372,7120.4,85,cat2,12,False
2021235N20251,MARTY,2021,EP,9,2021-08-23 00:00:00,19.6,-108.9,closest_approach,2021-08-23 12:00:00,20.5,-111.8,1,20.2,-127.8,96,1991.0,40,ts,1,False
2006282N13160,SOULIK,2006,WP,17,2006-10-08 12:00:00,13.3,159.8,closest_approach,2006-10-15 12:00:00,30.5,143.9,14,37.6,157.2,192,4678.3,75,cat1,12,False
2025291S08074,CHENGE,2026,SI,16,2025-10-18 00:00:00,-7.7,74.2,closest_approach,2025-10-25 12:00:00,-7.5,50.6,15,-7.5,50.6,180,2728.3,60,ts,6,False
2012359N08134,WUKONG,2012,WP,10,2012-12-24 12:00:00,9.7,130.7,closest_approach,2012-12-26 00:00:00,11.1,123.3,3,7.3,107.2,108,2658.1,40,ts,2,False
2017206N13129,NESAT,2017,WP,11,2017-07-25 12:00:00,14.0,128.8,landfall,2017-07-29 12:00:00,24.6,121.8,8,25.8,117.2,120,1907.8,80,cat1,7,False
2018282N09333,NADINE,2018,NA,9,2018-10-08 12:00:00,9.3,-26.7,closest_approach,2018-10-08 12:00:00,9.3,-26.7,0,15.8,-35.7,96,1251.7,55,ts,4,False
2020335N06090,BUREVI,2020,NI,12,2020-11-29 12:00:00,6.4,90.4,landfall,2020-12-03 00:00:00,9.0,80.5,7,9.1,79.4,132,1352.8,45,ts,6,False
2016039S14061,DAYA,2016,SI,9,2016-02-08 12:00:00,-17.7,52.7,closest_approach,2016-02-09 00:00:00,-19.1,51.0,1,-32.3,58.2,96,1918.5,35,ts,6,False
2011278N12248,IRWIN,2011,EP,28,2011-10-05 00:00:00,11.5,-112.6,closest_approach,2011-10-14 00:00:00,19.2,-106.7,18,15.6,-109.5,324,3662.3,85,cat2,6,False
2020238N16252,HERNAN,2020,EP,7,2020-08-25 12:00:00,16.3,-107.5,closest_approach,2020-08-28 00:00:00,20.7,-106.1,5,23.1,-108.6,72,946.2,40,ts,4,False
2012176N26272,DEBBY,2012,NA,9,2012-06-23 12:00:00,25.5,-87.6,landfall,2012-06-27 00:00:00,29.4,-82.7,7,29.5,-80.3,96,956.7,55,ts,2,False
2019192N29274,BARRY,2019,NA,12,2019-07-10 12:00:00,28.5,-86.5,landfall,2019-07-14 00:00:00,30.4,-92.8,7,36.3,-93.3,132,1434.1,65,cat1,6,False
2023337S08165,JASPER,2024,SP,27,2023-12-03 12:00:00,-8.0,160.8,landfall,2023-12-04 12:00:00,-8.5,157.9,2,-15.4,141.6,312,2911.6,115,cat4,9,False
2020261N21265,BETA,2020,NA,16,2020-09-17 12:00:00,21.5,-94.7,landfall,2020-09-22 12:00:00,28.8,-96.8,10,33.6,-87.6,180,2243.2,50,ts,3,False
2009270N10148,PARMA,2009,WP,36,2009-09-27 00:00:00,9.9,147.5,landfall,2009-10-03 12:00:00,18.2,121.5,13,20.4,106.5,420,5825.6,100,cat3,8,False
2023289N15111,SANBA,2023,WP,11,2023-10-16 00:00:00,14.7,110.7,landfall,2023-10-19 00:00:00,19.3,108.6,6,19.9,108.2,120,1170.5,40,ts,7,False
2017060S09139,BLANCHE,2017,SI,7,2017-03-03 12:00:00,-8.0,133.0,landfall,2017-03-06 12:00:00,-15.8,127.1,6,-15.8,127.1,72,1096.0,55,ts,5,False
2013046S20042,HARUNA,2013,SI,28,2013-02-14 12:00:00,-20.1,41.9,landfall,2013-02-16 12:00:00,-17.3,37.9,4,-24.2,58.6,324,4447.0,80,cat1,13,False
2007254N18140,NARI,2007,WP,12,2007-09-11 12:00:00,18.7,138.7,landfall,2007-09-16 12:00:00,35.3,127.9,10,38.0,132.0,132,3003.8,100,cat3,6,False
2014048S16039,GUITO,2014,SI,10,2014-02-18 00:00:00,-17.3,40.2,closest_approach,2014-02-18 00:00:00,-17.3,40.2,0,-33.5,42.0,108,1938.6,60,ts,4,False
2013282N14149,WIPHA,2013,WP,14,2013-10-09 12:00:00,13.6,147.1,closest_approach,2013-10-16 00:00:00,36.2,142.1,13,36.2,142.1,156,3577.0,90,cat2,8,False
2026021S26041,EWETSE,2026,SI,2,2026-01-21 00:00:00,-24.4,42.6,landfall,2026-01-21 12:00:00,-23.9,44.1,1,-23.9,44.1,12,162.0,51,ts,0,False
2018214N19153,SHANSHAN,2018,WP,17,2018-08-02 00:00:00,18.5,152.8,closest_approach,2018-08-09 00:00:00,36.2,141.1,14,39.9,147.1,192,3219.8,70,cat1,6,False
2024073S14128,MEGAN,2024,SI,16,2024-03-12 12:00:00,-13.7,127.8,landfall,2024-03-13 12:00:00,-11.6,130.7,2,-17.8,133.7,180,1956.3,90,cat2,10,False
2007227N24269,ERIN,2007,NA,10,2007-08-15 00:00:00,23.7,-90.7,landfall,2007-08-17 00:00:00,29.4,-98.6,4,35.6,-97.7,108,2045.1,35,ts,2,False
2024293N13141,TRAMI,2024,WP,15,2024-10-21 00:00:00,13.7,131.9,landfall,2024-10-24 00:00:00,17.0,121.2,6,15.6,108.0,168,2900.4,55,ts,10,False
2016220N18258,JAVIER,2016,EP,8,2016-08-07 00:00:00,18.0,-103.5,landfall,2016-08-10 00:00:00,24.7,-112.1,6,25.7,-112.5,84,1290.6,50,ts,3,False
2009008S13069,DONGO,2009,SI,11,2009-01-08 12:00:00,-14.5,70.8,closest_approach,2009-01-10 00:00:00,-17.8,67.2,3,-33.2,74.6,120,2450.9,50,ts,6,False
2026092S11074,INDUSA,2026,SI,9,2026-04-02 00:00:00,-11.4,73.7,closest_approach,2026-04-04 12:00:00,-21.8,70.3,5,-33.2,73.1,96,2547.9,80,cat1,5,False
2009196N14129,MOLAVE,2009,WP,8,2009-07-15 12:00:00,15.1,127.3,landfall,2009-07-19 00:00:00,22.9,112.8,7,22.9,112.8,84,1804.3,65,cat1,5,False
2006340N08142,UTOR,2006,WP,19,2006-12-06 00:00:00,8.3,142.3,closest_approach,2006-12-09 12:00:00,11.6,124.2,7,17.3,113.3,216,3681.6,85,cat2,13,False
2006240N12265,JOHN,2006,EP,16,2006-08-28 00:00:00,12.3,-94.6,landfall,2006-09-03 00:00:00,25.4,-111.4,12,28.9,-113.2,180,2796.3,115,cat4,5,False
2016195S06076,ABELA,2017,SI,13,2016-07-14 12:00:00,-8.0,70.1,landfall,2016-07-20 12:00:00,-15.3,50.5,12,-15.3,50.5,144,2379.3,50,ts,8,False
2017312N10134,HAIKUI,2017,WP,14,2017-11-08 00:00:00,10.8,130.5,landfall,2017-11-09 12:00:00,13.8,121.4,3,16.7,107.6,156,2701.8,40,ts,6,False
2006213N13256,GILMA,2006,EP,9,2006-08-01 00:00:00,12.8,-103.8,closest_approach,2006-08-02 00:00:00,14.4,-105.8,2,17.8,-112.2,96,1082.9,35,ts,1,False
2024231N24126,JONGDARI,2024,WP,6,2024-08-18 12:00:00,24.4,125.8,closest_approach,2024-08-21 00:00:00,37.8,126.0,5,37.8,126.0,60,1495.5,40,ts,2,False
2009025S12177,HETTIE,2009,SP,8,2009-01-26 00:00:00,-15.3,181.6,closest_approach,2009-01-26 00:00:00,-15.3,181.6,0,-23.5,182.0,84,1060.2,35,ts,5,True
2022208S08092,UNNAMED,2023,SI,8,2022-07-28 00:00:00,-9.1,93.8,closest_approach,2022-07-28 00:00:00,-9.1,93.8,0,-13.8,91.6,84,809.3,45,ts,3,False
2006350S07071,BONDO,2007,SI,22,2006-12-16 00:00:00,-7.2,69.1,landfall,2006-12-26 00:00:00,-17.4,45.7,20,-19.5,43.9,252,3529.3,110,cat3,8,False
2021212N12248,HILDA,2021,EP,16,2021-07-30 12:00:00,11.9,-111.8,closest_approach,2021-07-30 12:00:00,11.9,-111.8,0,22.6,-134.7,180,2770.6,75,cat1,3,False
2021282N16165,NAMTHEUN,2021,WP,19,2021-10-09 00:00:00,16.5,164.0,closest_approach,2021-10-18 00:00:00,39.7,168.3,18,39.7,168.3,216,4297.1,50,ts,14,False
2022008S17173,CODY,2022,SP,17,2022-01-07 12:00:00,-17.4,172.8,closest_approach,2022-01-09 12:00:00,-19.4,177.0,4,-30.1,181.3,192,2334.5,70,cat1,9,True
2013322N13090,HELEN,2013,NI,11,2013-11-18 00:00:00,13.3,90.0,landfall,2013-11-22 12:00:00,15.8,80.8,9,16.5,79.4,120,1265.9,55,ts,7,False
2006180N06140,EWINIAR,2006,WP,23,2006-06-29 12:00:00,6.0,139.7,landfall,2006-07-10 12:00:00,37.4,128.2,22,37.4,128.2,264,4095.2,100,cat3,10,False
2012179S09153,UNNAMED,2012,SP,6,2012-06-28 00:00:00,-10.3,152.8,closest_approach,2012-06-28 00:00:00,-10.3,152.8,0,-10.3,154.1,60,450.6,40,ts,2,False
2022230N18095,UNNAMED,2022,NI,6,2022-08-17 12:00:00,18.0,95.0,landfall,2022-08-17 12:00:00,18.0,95.0,0,22.6,85.9,60,1078.0,35,ts,2,False
2023201N13134,DOKSURI,2023,WP,17,2023-07-21 00:00:00,13.8,132.8,landfall,2023-07-28 12:00:00,27.1,117.7,15,30.3,115.8,192,2831.2,100,cat3,8,False
2024201N12133,GAEMI,2024,WP,15,2024-07-19 12:00:00,13.9,131.2,landfall,2024-07-25 12:00:00,25.3,119.2,12,28.1,117.1,168,2356.9,85,cat2,9,False
2026236N11344,DOLLY,2026,NA,16,2026-08-24 00:00:00,11.0,-16.4,closest_approach,2026-08-31 12:00:00,20.0,-70.6,15,20.0,-70.6,180,5956.9,35,ts,7,False
2019306N10162,HALONG,2019,WP,18,2019-11-01 12:00:00,9.6,162.2,closest_approach,2019-11-07 12:00:00,24.6,151.9,12,32.0,168.4,204,4121.9,115,cat4,8,False
2025203N18133,FRANCISCO,2025,WP,10,2025-07-22 12:00:00,19.2,131.9,closest_approach,2025-07-26 12:00:00,26.6,119.7,8,26.3,120.0,108,1719.9,40,ts,2,False
2015092S18074,JOALANE,2015,SI,19,2015-04-05 12:00:00,-15.3,64.7,closest_approach,2015-04-06 12:00:00,-14.4,62.3,2,-34.4,69.0,216,3051.3,75,cat1,6,False
2014093N02148,PEIPAH,2014,WP,5,2014-04-03 12:00:00,2.0,146.0,closest_approach,2014-04-03 12:00:00,2.0,146.0,0,5.1,138.8,48,877.4,35,ts,1,False
2024364S13117,DIKELEDI,2025,SI,15,2025-01-10 00:00:00,-13.7,58.6,landfall,2025-01-14 00:00:00,-16.1,39.9,7,-34.2,58.2,180,5076.0,95,cat2,11,False
2006228N10218,IOKE,2006,EP,44,2006-08-16 00:00:00,10.4,217.5,closest_approach,2006-09-06 00:00:00,42.2,153.2,42,47.6,161.2,516,10606.9,140,cat5,19,True
2018269N11220,WALAKA,2018,EP,23,2018-09-26 12:00:00,11.1,-140.7,closest_approach,2018-10-04 12:00:00,25.9,-166.2,16,47.8,-155.1,264,7550.4,140,cat5,11,False
2011264N13264,HILARY,2011,EP,25,2011-09-21 12:00:00,13.7,-96.3,closest_approach,2011-09-23 00:00:00,15.9,-100.3,3,21.8,-126.4,288,3737.2,125,cat4,5,False
2007306N18133,PEIPAH,2007,WP,18,2007-11-02 00:00:00,18.1,132.3,landfall,2007-11-10 12:00:00,11.0,107.2,17,11.0,107.2,204,3120.2,70,cat1,9,False
2025185N30280,CHANTAL,2025,NA,7,2025-07-04 12:00:00,30.5,-79.3,landfall,2025-07-06 12:00:00,33.9,-79.1,4,37.2,-77.0,72,837.6,45,ts,3,False
2010267N14285,MATTHEW,2010,NA,7,2010-09-23 12:00:00,13.7,-74.8,landfall,2010-09-25 00:00:00,15.2,-84.6,3,17.5,-92.8,72,1987.1,50,ts,3,False
2007223N19136,SEPAT,2007,WP,18,2007-08-11 00:00:00,18.6,136.1,landfall,2007-08-18 00:00:00,23.6,121.0,14,26.1,117.8,204,2577.6,110,cat3,10,False
2010070S15168,ULUI,2010,SP,24,2010-03-10 12:00:00,-14.6,168.0,landfall,2010-03-21 00:00:00,-20.9,146.7,21,-21.9,141.8,276,3295.7,115,cat4,7,False
2007255N27265,HUMBERTO,2007,NA,5,2007-09-12 12:00:00,27.8,-95.1,landfall,2007-09-13 12:00:00,30.3,-93.6,2,32.7,-90.2,48,743.9,65,cat1,2,False
2009064S13148,HAMISH,2009,SP,19,2009-03-05 00:00:00,-13.0,147.7,closest_approach,2009-03-08 12:00:00,-21.2,151.5,7,-17.7,149.1,216,2807.9,115,cat4,5,False
2010247N15266,HERMINE,2010,EP,13,2010-09-04 00:00:00,15.3,-94.5,landfall,2010-09-04 12:00:00,16.7,-95.6,1,37.5,-95.0,144,2754.3,55,ts,6,False
2013211N11248,GIL,2013,EP,16,2013-07-30 00:00:00,11.2,-111.6,closest_approach,2013-07-30 00:00:00,11.2,-111.6,0,13.3,-140.9,180,3249.0,75,cat1,6,False
2008245N17323,IKE,2008,NA,29,2008-09-01 12:00:00,17.3,-38.4,landfall,2008-09-08 12:00:00,21.1,-77.8,14,47.2,-71.1,336,9223.4,120,cat4,6,False
2006213N14239,FABIO,2006,EP,10,2006-08-01 00:00:00,14.3,-122.6,closest_approach,2006-08-05 12:00:00,14.4,-149.0,9,14.4,-149.0,108,2849.1,45,ts,2,False
2008241N19303,HANNA,2008,NA,24,2008-08-28 00:00:00,19.4,-57.3,landfall,2008-09-06 12:00:00,35.7,-78.1,19,47.8,-52.1,276,6621.7,75,cat1,10,False
2013167N12279,BARRY,2013,NA,11,2013-06-16 00:00:00,12.4,-81.5,landfall,2013-06-17 00:00:00,15.3,-84.8,2,19.6,-97.5,120,1948.2,40,ts,8,False
2020265N16252,LOWELL,2020,EP,14,2020-09-21 00:00:00,16.0,-109.2,closest_approach,2020-09-21 00:00:00,16.0,-109.2,0,21.1,-139.4,156,3275.5,45,ts,5,False
2019290N08169,BUALOI,2019,WP,17,2019-10-17 12:00:00,7.9,166.9,closest_approach,2019-10-25 00:00:00,32.3,146.2,15,35.2,148.8,192,4972.3,100,cat3,10,False
2017106N36310,ARLENE,2017,NA,13,2017-04-16 12:00:00,35.1,-49.5,closest_approach,2017-04-21 12:00:00,39.9,-49.3,10,32.8,-48.7,144,3362.2,55,ts,0,False
2025254N14262,MARIO,2025,EP,15,2025-09-11 00:00:00,14.0,-97.9,closest_approach,2025-09-12 12:00:00,17.0,-101.4,3,24.9,-119.5,168,2718.4,55,ts,9,False
2014106S10099,JACK,2014,SI,9,2014-04-18 12:00:00,-12.2,91.8,closest_approach,2014-04-18 12:00:00,-12.2,91.8,0,-19.3,95.5,96,1052.3,75,cat1,3,False
2012256N15257,KRISTY,2012,EP,16,2012-09-12 00:00:00,15.9,-104.0,closest_approach,2012-09-12 12:00:00,17.1,-105.4,1,23.8,-117.0,180,2454.1,50,ts,5,False
2016216N17149,OMAIS,2016,WP,11,2016-08-04 12:00:00,19.2,147.8,closest_approach,2016-08-09 12:00:00,42.0,148.5,10,42.0,148.5,120,2700.9,60,ts,4,False
2025184N20122,DANAS,2025,WP,10,2025-07-04 00:00:00,19.5,118.8,closest_approach,2025-07-08 12:00:00,27.8,121.3,9,27.8,121.3,108,1251.9,75,cat1,5,False
2016055S15202,YALO,2016,SP,6,2016-02-24 00:00:00,-16.0,-157.3,closest_approach,2016-02-24 00:00:00,-16.0,-157.3,0,-23.6,-150.6,60,1116.7,40,ts,3,False
2025205N13145,KROSA,2025,WP,23,2025-07-24 00:00:00,13.7,143.8,closest_approach,2025-08-01 12:00:00,34.4,141.3,17,42.7,163.2,264,4627.8,75,cat1,6,False
2025289N13140,FENGSHEN,2025,WP,11,2025-10-18 00:00:00,12.9,125.9,landfall,2025-10-19 00:00:00,14.4,121.4,2,16.1,108.6,120,2084.1,50,ts,4,False
2016296N11262,SEYMOUR,2016,EP,16,2016-10-22 12:00:00,11.7,-99.5,closest_approach,2016-10-22 12:00:00,11.7,-99.5,0,24.6,-121.3,180,3334.4,130,cat4,7,False
2019288N16136,NEOGURI,2019,WP,15,2019-10-15 00:00:00,15.8,136.2,closest_approach,2019-10-21 12:00:00,31.2,135.4,13,32.2,138.1,168,2807.0,75,cat1,10,False
2025039S14125,ZELIA,2025,SI,6,2025-02-11 12:00:00,-17.7,119.3,closest_approach,2025-02-14 00:00:00,-19.5,118.7,5,-19.5,118.7,60,295.3,115,cat4,4,False
2022137S13171,GINA,2022,SP,13,2022-05-16 12:00:00,-12.9,171.4,closest_approach,2022-05-19 12:00:00,-17.0,168.4,6,-21.5,171.5,144,1448.0,35,ts,5,False
2021343S09155,RUBY,2022,SP,14,2021-12-09 00:00:00,-9.3,154.9,landfall,2021-12-14 00:00:00,-21.2,165.4,10,-28.5,176.6,156,3208.5,60,ts,8,False
2024253N11148,BEBINCA,2024,WP,17,2024-09-09 00:00:00,10.5,148.1,landfall,2024-09-16 00:00:00,30.9,121.8,14,32.5,117.1,192,4164.7,75,cat1,12,False
2020139S04095,MANGGA,2020,SI,9,2020-05-19 12:00:00,-5.4,93.8,closest_approach,2020-05-19 12:00:00,-5.4,93.8,0,-19.0,101.0,96,1875.8,35,ts,2,False
2024312N14145,TORAJI,2024,WP,17,2024-11-07 12:00:00,14.3,143.0,closest_approach,2024-11-11 00:00:00,16.3,122.3,7,20.3,113.7,192,3504.4,70,cat1,7,False
2026204N17128,NOUL,2026,WP,6,2026-07-23 12:00:00,18.0,126.9,landfall,2026-07-26 00:00:00,22.9,114.5,5,22.9,114.5,60,1423.3,80,cat1,4,False
2016203N13259,FRANK,2016,EP,19,2016-07-21 12:00:00,14.0,-102.5,closest_approach,2016-07-22 12:00:00,17.2,-106.9,2,23.4,-127.3,216,2892.0,75,cat1,11,False
2009337S07096,CLEO,2010,SI,21,2009-12-04 12:00:00,-8.4,90.6,closest_approach,2009-12-14 12:00:00,-18.8,60.1,20,-18.8,60.1,240,3747.5,105,cat3,8,False
2008272N15113,MEKKHALA,2008,WP,5,2008-09-28 00:00:00,14.5,112.7,closest_approach,2008-09-30 00:00:00,17.4,107.0,4,17.4,107.0,48,736.8,45,ts,4,False
2019296N15066,KYAAR:KYARR,2019,NI,23,2019-10-23 00:00:00,15.1,67.2,closest_approach,2019-11-02 12:00:00,12.6,53.0,21,9.8,52.1,264,3268.9,130,cat4,9,False
2020312N10131,ETAU,2020,WP,9,2020-11-07 00:00:00,11.2,127.8,landfall,2020-11-07 12:00:00,12.7,124.0,1,12.8,105.5,96,2465.9,40,ts,4,False
2017333N06082,OCKHI,2017,NI,14,2017-11-29 00:00:00,5.9,81.7,closest_approach,2017-11-29 12:00:00,6.2,79.9,1,18.5,71.5,156,2423.8,85,cat2,7,False
2011266N08343,PHILIPPE,2011,NA,33,2011-09-23 00:00:00,8.3,-17.5,closest_approach,2011-09-23 00:00:00,8.3,-17.5,0,37.5,-43.6,384,7655.2,80,cat1,28,False
2014225N15255,KARINA,2014,EP,32,2014-08-12 12:00:00,15.1,-105.0,closest_approach,2014-08-12 12:00:00,15.1,-105.0,0,16.3,-123.1,372,5379.2,75,cat1,22,False
2018199N18128,AMPIL,2018,WP,13,2018-07-18 12:00:00,19.6,129.8,landfall,2018-07-22 12:00:00,32.6,120.8,8,41.7,119.7,144,3101.0,50,ts,3,False
2016221N19163,CONSON,2016,WP,14,2016-08-08 00:00:00,17.5,161.7,closest_approach,2016-08-14 12:00:00,40.2,147.8,13,40.2,147.8,156,3451.2,45,ts,3,False
2018294N08161,YUTU,2018,WP,27,2018-10-21 00:00:00,8.3,159.7,landfall,2018-10-30 00:00:00,16.7,121.6,18,19.9,115.6,312,5296.4,115,cat4,7,False
2013064S18149,SANDRA,2013,SP,24,2013-03-05 12:00:00,-17.3,151.4,closest_approach,2013-03-12 00:00:00,-19.9,161.9,13,-35.6,169.6,276,3845.3,100,cat3,10,False
2008204N13260,GENEVIEVE,2008,EP,20,2008-07-21 12:00:00,13.4,-100.3,closest_approach,2008-07-21 12:00:00,13.4,-100.3,0,16.4,-138.9,228,4211.1,65,cat1,8,False
2005351S09084,UNNAMED,2006,SI,26,2005-12-17 00:00:00,-9.0,83.7,closest_approach,2005-12-29 12:00:00,-22.0,60.0,25,-22.0,60.0,300,4983.4,35,ts,15,False
2016263N13333,LISA,2016,NA,15,2016-09-19 12:00:00,13.4,-27.3,closest_approach,2016-09-19 12:00:00,13.4,-27.3,0,31.6,-40.5,168,2772.5,45,ts,4,False
2014329N08131,SINLAKU,2014,WP,10,2014-11-25 12:00:00,8.4,130.3,landfall,2014-11-27 00:00:00,9.9,122.8,3,13.5,108.5,108,2461.2,45,ts,6,False
2018082N04147,JELAWAT,2018,WP,21,2018-03-23 12:00:00,4.8,146.9,closest_approach,2018-03-23 12:00:00,4.8,146.9,0,19.7,150.1,240,3765.4,105,cat3,14,False
2025052S14148,ALFRED,2025,SP,26,2025-02-22 12:00:00,-14.7,150.4,closest_approach,2025-03-08 00:00:00,-27.0,153.3,25,-27.0,153.3,324,2917.9,90,cat2,11,False
2025270N21285,IMELDA,2025,NA,19,2025-09-27 00:00:00,21.3,-75.5,closest_approach,2025-09-27 00:00:00,21.3,-75.5,0,50.3,-33.0,216,5750.1,80,cat1,9,False
2014184N08147,NEOGURI,2014,WP,18,2014-07-02 12:00:00,8.5,147.3,landfall,2014-07-10 00:00:00,32.3,131.3,15,36.6,142.0,204,5293.8,100,cat3,9,False
2023193N37305,DON,2023,NA,29,2023-07-11 12:00:00,36.5,-55.5,closest_approach,2023-07-23 12:00:00,43.3,-48.5,24,49.8,-29.4,336,6427.7,65,cat1,23,False
2023036S12163,GABRIELLE,2023,SP,14,2023-02-05 12:00:00,-12.0,161.3,closest_approach,2023-02-05 12:00:00,-12.0,161.3,0,-30.8,171.7,156,3756.5,74,cat1,10,False
2025331N06083,DITWAH,2025,NI,11,2025-11-27 00:00:00,6.4,81.9,landfall,2025-11-27 12:00:00,7.6,81.7,1,12.3,80.4,132,848.4,40,ts,5,False
2021248N12141,CHANTHU,2021,WP,25,2021-09-06 00:00:00,13.5,138.9,landfall,2021-09-18 00:00:00,34.4,136.6,24,34.4,136.6,288,4954.3,115,cat4,9,False
2026232N10250,JULIO,2026,EP,12,2026-08-20 00:00:00,9.5,-110.0,closest_approach,2026-08-25 12:00:00,17.0,-119.1,11,17.0,-119.1,132,2315.0,45,ts,11,False
2015274N17167,CHOI-WAN,2015,WP,10,2015-10-03 00:00:00,19.1,166.1,closest_approach,2015-10-07 12:00:00,34.2,150.8,9,34.2,150.8,108,2854.2,60,ts,8,False
2022072S11107,BILLY,2022,SI,10,2022-03-13 00:00:00,-11.7,106.0,closest_approach,2022-03-13 00:00:00,-11.7,106.0,0,-23.2,93.6,108,2118.6,50,ts,3,False
2017284N15134,KHANUN,2017,WP,8,2017-10-12 12:00:00,18.2,123.4,landfall,2017-10-13 00:00:00,17.7,120.5,1,20.3,109.8,84,1602.5,75,cat1,5,False
2018300N25315,OSCAR,2018,NA,18,2018-10-27 00:00:00,26.4,-45.3,closest_approach,2018-11-04 12:00:00,62.4,-9.1,17,62.4,-9.1,204,6885.6,95,cat2,6,False
2020306N15288,ETA,2020,NA,27,2020-11-01 00:00:00,14.9,-73.6,landfall,2020-11-04 00:00:00,13.8,-83.7,6,35.7,-69.2,312,6130.7,130,cat4,4,False
2007317S10150,GUBA,2008,SP,14,2007-11-13 00:00:00,-10.0,149.6,landfall,2007-11-13 00:00:00,-10.0,149.6,0,-10.3,144.9,156,1197.1,65,cat1,6,False
2016237N14253,LESTER,2016,EP,30,2016-08-24 12:00:00,14.7,-108.5,closest_approach,2016-09-04 00:00:00,22.5,-156.0,21,40.1,-164.1,348,7597.0,120,cat4,13,False
2017242N17253,LIDIA,2017,EP,10,2017-08-30 00:00:00,17.5,-107.7,landfall,2017-09-01 12:00:00,24.0,-110.9,5,29.9,-116.9,108,1687.5,55,ts,4,False
2011250N12324,MARIA,2011,NA,20,2011-09-07 00:00:00,11.9,-37.5,closest_approach,2011-09-11 12:00:00,19.1,-64.1,9,42.9,-58.2,228,6228.1,70,cat1,18,False
2013321N24308,MELISSA,2013,NA,13,2013-11-17 00:00:00,23.9,-52.4,closest_approach,2013-11-23 00:00:00,40.8,-19.5,12,40.8,-19.5,144,4270.4,55,ts,5,False
2007324N10140,MITAG,2007,WP,17,2007-11-20 00:00:00,11.7,138.5,landfall,2007-11-26 00:00:00,18.3,121.1,12,21.8,127.9,192,3111.8,80,cat1,5,False
2009238N24290,DANNY,2009,NA,6,2009-08-26 12:00:00,24.6,-70.1,closest_approach,2009-08-29 00:00:00,31.0,-75.0,5,31.0,-75.0,60,922.6,50,ts,1,False
2013338N34332,UNNAMED,2013,NA,8,2013-12-04 00:00:00,33.9,-27.8,closest_approach,2013-12-05 00:00:00,32.4,-27.5,2,37.1,-27.8,84,885.3,55,ts,0,False
2012273N13112,GAEMI,2012,WP,14,2012-09-30 12:00:00,15.4,113.5,landfall,2012-10-06 12:00:00,13.2,108.7,12,12.6,106.2,156,2050.9,50,ts,6,False
2014254N10142,KALMAEGI,2014,WP,15,2014-09-10 12:00:00,9.9,142.4,landfall,2014-09-14 12:00:00,17.8,121.7,8,22.8,101.6,168,4655.5,75,cat1,11,False
2010271N19276,NICOLE,2010,NA,6,2010-09-28 00:00:00,19.4,-84.1,closest_approach,2010-09-29 12:00:00,21.9,-81.0,3,27.4,-78.5,60,1097.0,40,ts,3,False
2010293N16147,CHABA,2010,WP,21,2010-10-20 12:00:00,16.1,145.0,closest_approach,2010-10-30 12:00:00,34.8,141.7,20,34.8,141.7,240,4288.1,95,cat2,16,False
2017277N11279,NATE,2017,NA,16,2017-10-03 12:00:00,10.7,-80.8,landfall,2017-10-05 12:00:00,13.9,-83.5,4,47.5,-56.0,180,5913.1,80,cat1,8,False
2021307N09275,TERRY,2021,EP,16,2021-11-03 00:00:00,8.6,-85.4,closest_approach,2021-11-03 00:00:00,8.6,-85.4,0,11.7,-116.4,180,3498.1,35,ts,9,False
2016197N14256,ESTELLE,2016,EP,19,2016-07-15 00:00:00,13.5,-104.5,closest_approach,2016-07-15 00:00:00,13.5,-104.5,0,24.0,-140.1,216,3955.1,60,ts,6,False
2020244N25146,HAISHEN,2020,WP,15,2020-08-31 12:00:00,22.8,146.0,landfall,2020-09-07 00:00:00,35.5,129.2,13,40.0,128.9,168,3589.2,105,cat3,8,False
2023207N09141,KHANUN,2023,WP,31,2023-07-26 12:00:00,9.7,141.1,landfall,2023-08-10 12:00:00,37.8,127.7,30,37.8,127.7,360,4667.5,95,cat2,11,False
2015226N15164,ATSANI,2015,WP,22,2015-08-14 12:00:00,15.0,162.5,closest_approach,2015-08-23 12:00:00,30.6,146.7,18,35.4,155.5,252,3917.8,100,cat3,9,False
2011245N21150,NORU,2011,WP,11,2011-09-02 00:00:00,21.1,149.8,closest_approach,2011-09-07 00:00:00,45.9,150.4,10,45.9,150.4,120,3270.8,40,ts,4,False
2006262N19069,MUKDA,2006,NI,15,2006-09-19 12:00:00,19.4,68.4,closest_approach,2006-09-23 12:00:00,20.7,67.1,8,20.3,65.4,168,708.5,50,ts,8,False
2016341N08092,VARDAH,2016,NI,26,2016-12-06 12:00:00,8.4,91.0,landfall,2016-12-12 12:00:00,13.1,79.9,12,8.9,51.0,300,4837.8,70,cat1,9,False
2015193N35285,CLAUDETTE,2015,NA,8,2015-07-12 00:00:00,35.4,-75.4,closest_approach,2015-07-12 00:00:00,35.4,-75.4,0,46.0,-55.9,84,2138.6,45,ts,4,False
2011240N10341,KATIA,2011,NA,32,2011-08-28 00:00:00,9.5,-19.0,landfall,2011-09-12 12:00:00,58.0,-7.0,31,58.0,-7.0,372,12013.6,120,cat4,18,False
2024244N09137,YAGI,2024,WP,19,2024-08-30 12:00:00,8.8,136.8,landfall,2024-09-01 12:00:00,13.8,124.4,4,21.6,104.0,216,3931.1,105,cat3,11,False
2011323N09264,KENNETH,2011,EP,16,2011-11-18 12:00:00,9.2,-96.5,closest_approach,2011-11-19 00:00:00,9.4,-97.7,1,13.1,-129.1,180,3627.3,125,cat4,8,False
2021244N24164,UNNAMED,2021,WP,7,2021-09-01 00:00:00,24.4,164.1,closest_approach,2021-09-04 00:00:00,34.8,159.7,6,34.8,159.7,72,1518.6,35,ts,3,False
2025352S12110,GRANT,2026,SI,39,2025-12-18 12:00:00,-12.4,110.1,closest_approach,2026-01-06 12:00:00,-17.7,51.1,38,-17.7,51.1,456,6617.9,119,cat4,22,False
2013232N14252,IVO,2013,EP,15,2013-08-20 12:00:00,13.8,-108.9,closest_approach,2013-08-26 12:00:00,27.0,-116.0,12,25.5,-116.4,168,1944.7,40,ts,7,False
2025104S15168,TAM,2025,SP,4,2025-04-14 12:00:00,-16.4,168.3,closest_approach,2025-04-14 12:00:00,-16.4,168.3,0,-28.7,173.0,36,1458.1,51,ts,3,False
2019352S14070,CALVINIA,2020,SI,35,2019-12-17 12:00:00,-13.5,70.2,closest_approach,2019-12-30 12:00:00,-20.8,58.2,26,-40.8,77.9,408,7441.1,65,cat1,29,False
2020309N14245,ODALYS,2020,EP,8,2020-11-04 00:00:00,14.4,-116.7,closest_approach,2020-11-04 00:00:00,14.4,-116.7,0,16.0,-127.2,84,1379.2,45,ts,2,False
2026183N17115,MAYSAK,2026,WP,7,2026-07-02 00:00:00,17.6,113.1,landfall,2026-07-03 12:00:00,18.5,109.5,3,22.1,107.9,72,919.8,51,ts,5,False
2010032S20042,FAMI,2010,SI,4,2010-02-01 12:00:00,-19.9,42.4,landfall,2010-02-02 12:00:00,-21.1,44.5,2,-20.8,47.8,36,613.3,40,ts,2,False
2015286S10175,UNNAMED,2016,SP,11,2015-10-13 00:00:00,-10.3,174.5,closest_approach,2015-10-16 12:00:00,-13.5,176.1,7,-19.3,171.0,120,1550.5,35,ts,8,False
2018292N13269,VICENTE,2018,EP,10,2018-10-19 00:00:00,13.0,-91.5,closest_approach,2018-10-23 12:00:00,17.8,-102.2,9,17.8,-102.2,108,1419.4,45,ts,4,False
2015148N11250,ANDRES,2015,EP,20,2015-05-28 12:00:00,11.1,-111.0,closest_approach,2015-06-07 00:00:00,18.3,-119.9,19,18.3,-119.9,228,2528.5,125,cat4,8,False
2011214N15299,EMILY,2011,NA,12,2011-08-02 00:00:00,14.9,-61.4,landfall,2011-08-05 12:00:00,21.0,-76.3,7,29.7,-76.4,132,2836.1,45,ts,2,False
2013306N07162,HAIYAN,2013,WP,18,2013-11-02 12:00:00,6.2,160.3,landfall,2013-11-08 00:00:00,11.0,124.8,11,21.6,107.3,204,6362.8,125,cat4,10,False
2019116N02090,FANI,2019,NI,17,2019-04-26 00:00:00,2.2,90.0,landfall,2019-05-03 12:00:00,21.2,86.5,15,23.2,88.5,192,2675.7,115,cat4,13,False
2024269N14150,JEBI,2024,WP,16,2024-09-25 00:00:00,14.7,149.5,closest_approach,2024-10-02 12:00:00,48.8,156.6,15,48.8,156.6,180,4646.2,65,cat1,12,False
2010239N15118,LIONROCK,2010,WP,15,2010-08-27 00:00:00,14.8,118.1,landfall,2010-09-02 00:00:00,23.9,117.4,12,23.7,113.6,168,1850.0,50,ts,7,False
2012331N03157,BOPHA,2012,WP,26,2012-11-26 12:00:00,4.0,156.5,landfall,2012-12-04 00:00:00,7.8,125.9,15,18.2,119.3,300,5478.9,100,cat3,11,False
2024035S16188,NAT,2024,SP,12,2024-02-04 00:00:00,-15.5,-171.7,closest_approach,2024-02-04 00:00:00,-15.5,-171.7,0,-21.2,-140.6,132,3457.6,50,ts,5,False
2022247N26147,MUIFA,2022,WP,25,2022-09-04 12:00:00,25.3,144.6,landfall,2022-09-15 00:00:00,32.7,120.9,21,41.4,124.6,288,5117.9,85,cat2,13,False
2026180N11238,DOUGLAS,2026,EP,9,2026-06-29 00:00:00,11.2,-122.4,closest_approach,2026-07-03 00:00:00,18.5,-127.5,8,18.5,-127.5,96,1085.0,35,ts,6,False
2021198N19117,CEMPAKA,2021,WP,14,2021-07-17 12:00:00,19.5,116.1,landfall,2021-07-21 00:00:00,21.9,111.2,7,19.4,106.9,156,1271.2,70,cat1,5,False
2008272N08139,HIGOS,2008,WP,17,2008-09-28 00:00:00,8.3,138.0,landfall,2008-10-01 00:00:00,13.9,122.9,6,23.2,115.8,192,4129.7,40,ts,4,False
2024298N13150,KONG-REY,2024,WP,17,2024-10-24 12:00:00,13.3,146.9,closest_approach,2024-10-31 12:00:00,24.1,120.1,14,30.3,123.2,192,4008.7,100,cat3,11,False
2010242N14318,FIONA,2010,NA,12,2010-08-30 00:00:00,14.0,-41.8,closest_approach,2010-09-02 00:00:00,21.0,-63.8,6,32.9,-62.9,132,4101.3,50,ts,5,False
2024259N12145,PULASAN,2024,WP,13,2024-09-15 12:00:00,13.0,144.3,landfall,2024-09-20 00:00:00,31.9,120.2,9,34.5,128.4,144,4103.2,45,ts,3,False
2018281N14088,TITLI,2018,NI,9,2018-10-08 00:00:00,14.2,88.4,landfall,2018-10-11 00:00:00,18.8,84.4,6,20.5,84.7,96,944.3,80,cat1,5,False
2006298N12143,CIMARON,2006,WP,28,2006-10-25 00:00:00,11.5,142.6,landfall,2006-11-07 12:00:00,11.7,109.2,27,11.7,109.2,324,4351.4,100,cat3,9,False
2006294N16254,PAUL,2006,EP,10,2006-10-21 12:00:00,15.8,-106.5,closest_approach,2006-10-26 00:00:00,24.5,-108.1,9,24.5,-108.1,108,1576.6,90,cat2,4,False
2017254N16251,OTIS,2017,EP,20,2017-09-11 12:00:00,16.5,-110.0,closest_approach,2017-09-11 12:00:00,16.5,-110.0,0,16.1,-131.7,228,2797.8,100,cat3,13,False
2016007N27285,ALEX,2016,NA,21,2016-01-07 00:00:00,26.6,-75.3,closest_approach,2016-01-07 00:00:00,26.6,-75.3,0,57.0,-42.0,240,8807.1,75,cat1,15,False
2008023S10050,FAME,2008,SI,19,2008-01-23 12:00:00,-11.5,48.5,landfall,2008-01-27 12:00:00,-16.3,44.6,8,-26.7,56.5,216,2976.7,70,cat1,8,False
2018226N11245,LANE,2018,EP,32,2018-08-13 12:00:00,10.9,-114.7,closest_approach,2018-08-25 12:00:00,19.4,-158.5,24,19.1,-168.3,372,6163.1,140,cat5,17,False
2008008S18184,ELISA,2008,SP,8,2008-01-08 00:00:00,-18.1,-175.8,closest_approach,2008-01-08 00:00:00,-18.1,-175.8,0,-24.6,-170.5,84,1062.5,50,ts,6,False
2012042S12110,HILWA,2012,SI,25,2012-02-11 12:00:00,-11.2,107.9,closest_approach,2012-02-11 12:00:00,-11.2,107.9,0,-32.9,64.4,288,6349.3,45,ts,24,False
2024151N18113,MALIKSI,2024,WP,5,2024-05-30 00:00:00,17.8,112.5,landfall,2024-06-01 00:00:00,22.4,112.0,4,22.4,112.0,48,589.2,35,ts,2,False
2022088N09116,UNNAMED,2022,WP,7,2022-03-29 00:00:00,9.4,116.4,landfall,2022-03-31 00:00:00,12.9,109.3,4,14.7,106.0,72,1324.9,35,ts,4,False
2021252N28273,MINDY,2021,NA,4,2021-09-09 00:00:00,29.5,-85.4,landfall,2021-09-09 12:00:00,31.2,-81.8,1,33.2,-71.8,36,1361.2,45,ts,0,False
2009075S18197,KEN,2009,SP,10,2009-03-16 00:00:00,-17.7,-163.2,closest_approach,2009-03-16 00:00:00,-17.7,-163.2,0,-41.0,-147.0,108,3090.2,60,ts,8,False
2025346S08098,BAKUNG,2026,SI,13,2025-12-12 00:00:00,-8.1,98.0,closest_approach,2025-12-12 00:00:00,-8.1,98.0,0,-10.6,91.5,144,1541.6,80,cat1,5,False
2011045S14132,CARLOS,2011,SI,25,2011-02-14 12:00:00,-13.3,131.0,landfall,2011-02-14 12:00:00,-13.3,131.0,0,-31.1,104.0,288,3861.6,60,ts,16,False
2007058S12135,GEORGE,2007,SI,20,2007-02-28 12:00:00,-12.4,134.7,landfall,2007-02-28 12:00:00,-12.4,134.7,0,-23.6,121.7,228,2874.9,110,cat3,16,False
2025212N13247,GIL,2025,EP,11,2025-07-31 00:00:00,12.5,-113.3,closest_approach,2025-07-31 00:00:00,12.5,-113.3,0,21.3,-143.4,120,3359.3,65,cat1,4,False
2022179N08310,BONNIE,2022,NA,27,2022-06-28 00:00:00,8.7,-52.2,landfall,2022-06-29 00:00:00,10.7,-61.6,2,19.4,-136.9,312,9273.2,100,cat3,15,False
2025274N14133,MATMO,2025,WP,9,2025-10-01 12:00:00,14.4,129.7,closest_approach,2025-10-05 12:00:00,21.3,109.5,8,21.3,109.5,96,2284.8,70,cat1,7,False
2006213N16302,CHRIS,2006,NA,12,2006-08-01 00:00:00,16.3,-58.1,closest_approach,2006-08-06 00:00:00,22.4,-78.9,10,23.2,-81.7,132,2604.1,55,ts,3,False
2006252N13139,SHANSHAN,2006,WP,18,2006-09-09 00:00:00,13.5,138.7,closest_approach,2006-09-17 12:00:00,34.0,130.4,17,34.0,130.4,204,3443.4,105,cat3,13,False
2022239N22150,HINNAMNOR,2022,WP,22,2022-08-27 00:00:00,21.7,150.1,closest_approach,2022-09-06 12:00:00,44.1,137.1,21,44.1,137.1,252,6138.4,105,cat3,7,False
2017277N14265,RAMON,2017,EP,2,2017-10-04 00:00:00,14.2,-95.2,closest_approach,2017-10-04 12:00:00,14.9,-96.4,1,14.9,-96.4,12,150.8,40,ts,1,False
2019278N16165,HAGIBIS,2019,WP,19,2019-10-04 12:00:00,15.8,164.6,landfall,2019-10-12 12:00:00,35.6,139.4,16,44.2,156.1,216,6365.3,105,cat3,6,False
2023059S15149,KEVIN,2023,SP,12,2023-03-01 00:00:00,-12.6,159.3,closest_approach,2023-03-03 00:00:00,-16.9,166.7,4,-31.8,195.0,132,4247.4,125,cat4,7,True
2006203N12257,EMILIA,2006,EP,21,2006-07-21 12:00:00,11.9,-103.0,closest_approach,2006-07-26 12:00:00,24.4,-113.1,10,31.0,-125.3,240,3501.5,55,ts,9,False
2009239N10253,KEVIN,2009,EP,21,2009-08-27 00:00:00,10.0,-108.8,closest_approach,2009-09-03 12:00:00,19.8,-121.0,15,16.3,-128.6,240,3193.6,45,ts,7,False
2015321N04164,IN-FA,2015,WP,20,2015-11-17 00:00:00,4.1,162.5,closest_approach,2015-11-23 00:00:00,15.8,132.0,12,25.3,141.8,228,5231.6,95,cat2,8,False
2017203N14248,IRWIN,2017,EP,25,2017-07-22 12:00:00,14.3,-112.4,closest_approach,2017-07-22 12:00:00,14.3,-112.4,0,28.4,-131.3,288,3142.0,80,cat1,7,False
2016262N16251,PAINE,2016,EP,8,2016-09-18 00:00:00,16.1,-109.1,closest_approach,2016-09-21 12:00:00,29.1,-115.8,7,29.1,-115.8,84,1821.7,75,cat1,3,False
2015204N16247,FELICIA,2015,EP,11,2015-07-22 12:00:00,15.9,-113.4,closest_approach,2015-07-24 12:00:00,21.6,-117.6,4,24.2,-126.2,120,1764.7,35,ts,2,False
2010350N30175,OMEKA,2010,WP,14,2010-12-16 00:00:00,30.0,175.0,closest_approach,2010-12-21 12:00:00,27.0,187.0,11,33.3,187.7,156,3326.5,50,ts,7,True
2019129S10160,ANN,2019,SP,16,2019-05-10 12:00:00,-14.0,159.7,closest_approach,2019-05-15 00:00:00,-12.8,143.8,9,-7.7,129.9,180,3610.9,50,ts,4,False
2015203N16126,UNNAMED,2015,WP,7,2015-07-22 00:00:00,16.3,125.5,closest_approach,2015-07-23 00:00:00,17.0,123.2,2,18.2,125.8,72,668.5,35,ts,4,False
2007363S20043,ELNUS,2008,SI,13,2007-12-29 12:00:00,-19.4,42.4,closest_approach,2008-01-04 00:00:00,-25.5,42.4,11,-26.5,42.5,144,1198.3,35,ts,5,False
2012239N11261,ILEANA,2012,EP,23,2012-08-26 00:00:00,11.6,-99.9,closest_approach,2012-08-31 12:00:00,21.9,-115.2,11,16.9,-133.0,264,4129.4,75,cat1,10,False
2013051S12102,UNNAMED,2013,SI,10,2013-02-23 00:00:00,-13.0,99.6,closest_approach,2013-02-24 00:00:00,-11.8,98.6,2,-15.3,98.8,108,730.4,45,ts,4,False
2021216N22144,NIDA,2021,WP,10,2021-08-03 12:00:00,22.2,144.4,closest_approach,2021-08-05 12:00:00,33.6,148.0,4,39.9,168.9,108,3374.5,55,ts,7,False
2025260N13138,RAGASA,2025,WP,13,2025-09-18 12:00:00,15.8,133.0,landfall,2025-09-24 12:00:00,21.7,111.2,12,21.7,111.2,144,2420.6,110,cat3,7,False
2020323N15248,POLO,2020,EP,8,2020-11-17 12:00:00,14.7,-111.9,closest_approach,2020-11-17 12:00:00,14.7,-111.9,0,16.4,-126.0,84,1551.2,40,ts,2,False
2019233N40300,CHANTAL,2019,NA,12,2019-08-21 00:00:00,40.3,-57.1,closest_approach,2019-08-21 00:00:00,40.3,-57.1,0,36.4,-45.0,132,2081.7,35,ts,0,False
2025236N27298,FERNAND,2025,NA,10,2025-08-24 00:00:00,28.0,-61.3,closest_approach,2025-08-27 00:00:00,38.2,-52.7,6,41.8,-42.0,108,2452.7,50,ts,3,False
2018007S13130,JOYCE,2018,SI,12,2018-01-09 12:00:00,-16.8,124.1,landfall,2018-01-09 12:00:00,-16.8,124.1,0,-28.5,113.4,132,1874.8,50,ts,4,False
2018314N12093,GAJA,2018,NI,18,2018-11-10 12:00:00,12.7,90.7,landfall,2018-11-16 00:00:00,10.5,79.1,11,10.8,66.6,204,2906.9,60,ts,10,False
2009264N13252,NORA,2009,EP,18,2009-09-21 00:00:00,12.9,-108.9,closest_approach,2009-09-21 00:00:00,12.9,-108.9,0,15.5,-132.2,204,2792.3,50,ts,6,False
2019272N14261,NARDA,2019,EP,6,2019-09-28 12:00:00,14.4,-99.4,landfall,2019-09-30 00:00:00,19.6,-104.3,3,25.3,-108.5,60,1558.5,45,ts,5,False
2023316S08168,MAL,2024,SP,10,2023-11-12 00:00:00,-7.8,167.6,closest_approach,2023-11-14 12:00:00,-17.5,175.7,5,-26.9,182.9,108,2745.2,70,cat1,5,True
2012193N12259,FABIO,2012,EP,20,2012-07-10 12:00:00,11.7,-100.6,closest_approach,2012-07-20 00:00:00,27.4,-117.9,19,27.4,-117.9,228,3464.4,95,cat2,10,False
2026239N20168,ETAU,2026,WP,9,2026-08-27 00:00:00,20.4,167.7,closest_approach,2026-08-30 00:00:00,30.9,164.7,6,32.6,167.8,96,1611.9,45,ts,2,False
2023266N16323,PHILIPPE,2023,NA,26,2023-09-23 12:00:00,15.6,-38.0,closest_approach,2023-10-04 00:00:00,19.5,-65.2,21,27.6,-66.0,300,4145.4,50,ts,4,False
2023218N25145,LAN,2023,WP,24,2023-08-06 00:00:00,24.5,145.1,landfall,2023-08-15 00:00:00,34.1,135.3,18,46.0,141.2,276,3916.5,90,cat2,10,False
2012235N11328,JOYCE,2012,NA,6,2012-08-22 00:00:00,11.1,-33.1,closest_approach,2012-08-24 12:00:00,17.4,-45.4,5,17.4,-45.4,60,1504.4,35,ts,3,False
2020034S13063,FRANCISCO,2020,SI,25,2020-02-03 12:00:00,-13.6,63.7,landfall,2020-02-15 12:00:00,-20.0,48.5,24,-20.0,48.5,288,3983.8,45,ts,21,False
2024256N18254,ILEANA,2024,EP,11,2024-09-12 00:00:00,17.8,-106.4,landfall,2024-09-17 00:00:00,28.8,-111.7,10,28.8,-111.7,120,1433.8,45,ts,6,False
2009074S10129,ILSA,2009,SI,20,2009-03-17 00:00:00,-12.6,119.8,closest_approach,2009-03-17 00:00:00,-12.6,119.8,0,-24.7,77.8,228,4750.0,90,cat2,5,False
2012274N13151,MALIKSI,2012,WP,11,2012-09-29 12:00:00,12.5,151.3,closest_approach,2012-10-04 00:00:00,34.1,144.1,9,39.9,149.5,120,3685.7,50,ts,7,False
2014029N10143,KAJIKI,2014,WP,6,2014-01-29 12:00:00,9.2,140.5,landfall,2014-02-01 00:00:00,11.2,122.1,5,11.2,122.1,60,2055.4,35,ts,3,False
2022342N06133,PAKHAR,2022,WP,11,2022-12-08 00:00:00,6.4,133.1,closest_approach,2022-12-10 00:00:00,14.0,124.7,4,18.7,131.4,120,2540.7,40,ts,8,False
2011233N12129,NANMADOL,2011,WP,17,2011-08-22 12:00:00,14.7,127.6,landfall,2011-08-29 00:00:00,22.8,120.5,13,24.5,119.1,192,1545.4,100,cat3,7,False
2013204N11340,DORIAN,2013,NA,25,2013-07-23 00:00:00,11.5,-20.9,closest_approach,2013-08-02 00:00:00,24.9,-79.0,20,31.8,-77.2,288,7197.7,50,ts,5,False
2023248N12257,JOVA,2023,EP,20,2023-09-04 12:00:00,12.2,-102.8,closest_approach,2023-09-04 12:00:00,12.2,-102.8,0,20.9,-140.0,228,4406.7,140,cat5,5,False
2022301N07140,BANYAN,2022,WP,8,2022-10-28 12:00:00,7.8,140.3,closest_approach,2022-11-01 00:00:00,7.2,130.1,7,7.2,130.1,84,1222.3,40,ts,5,False
2015257N14152,KROVANH,2015,WP,15,2015-09-14 00:00:00,14.4,151.6,closest_approach,2015-09-20 00:00:00,31.8,147.1,12,36.1,151.4,168,3198.8,85,cat2,7,False
2013171N15117,BEBINCA,2013,WP,9,2013-06-20 00:00:00,15.5,117.3,landfall,2013-06-22 12:00:00,19.2,108.9,5,21.1,106.1,96,1563.2,40,ts,4,False
2022165N14258,BLAS,2022,EP,17,2022-06-14 12:00:00,14.0,-102.1,closest_approach,2022-06-16 00:00:00,15.4,-103.0,3,19.3,-116.6,192,1743.5,75,cat1,3,False
2017130N09269,ADRIAN,2017,EP,5,2017-05-10 00:00:00,9.5,-91.7,closest_approach,2017-05-12 00:00:00,12.3,-94.6,4,12.3,-94.6,48,449.3,35,ts,0,False
2015066S08170,PAM,2015,SP,15,2015-03-08 12:00:00,-7.7,169.2,closest_approach,2015-03-13 12:00:00,-17.6,168.7,10,-33.6,178.7,168,3293.8,135,cat4,10,False
2012362S08165,FREDA,2013,SP,15,2012-12-27 12:00:00,-9.6,163.0,closest_approach,2012-12-28 00:00:00,-10.2,161.5,1,-22.1,171.6,168,2368.8,100,cat3,6,False
2017182N15132,NANMADOL,2017,WP,8,2017-07-01 12:00:00,17.2,130.3,closest_approach,2017-07-04 00:00:00,32.8,130.4,5,36.0,145.9,84,3639.9,55,ts,4,False
2006259N19155,YAGI,2006,WP,19,2006-09-16 00:00:00,18.7,155.4,closest_approach,2006-09-23 12:00:00,31.1,143.7,15,40.3,159.4,216,4948.9,105,cat3,11,False
2020234N19123,BAVI,2020,WP,14,2020-08-21 00:00:00,20.3,123.0,landfall,2020-08-27 12:00:00,44.0,126.2,13,44.0,126.2,156,2852.8,85,cat2,10,False
2012242N24317,KIRK,2012,NA,11,2012-08-29 00:00:00,24.0,-44.5,closest_approach,2012-09-02 00:00:00,40.3,-43.0,8,51.7,-30.9,120,3922.2,90,cat2,5,False
2026217N18119,PEILOU,2026,WP,18,2026-08-05 00:00:00,17.6,118.7,landfall,2026-08-06 00:00:00,17.4,120.7,2,32.9,169.1,204,6022.5,35,ts,1,False
2020211N13306,ISAIAS,2020,NA,16,2020-07-28 12:00:00,12.5,-54.0,landfall,2020-08-04 12:00:00,37.7,-76.8,14,44.0,-73.1,180,5267.3,80,cat1,13,False
2020188N28271,FAY,2020,NA,13,2020-07-05 12:00:00,27.7,-88.8,landfall,2020-07-06 12:00:00,30.8,-85.0,2,43.4,-74.0,144,2573.2,50,ts,10,False
2008311N08128,MAYSAK,2008,WP,16,2008-11-06 00:00:00,9.8,124.6,landfall,2008-11-06 00:00:00,9.8,124.6,0,12.2,111.9,180,2791.9,50,ts,5,False
2006114N08090,MALA,2006,NI,11,2006-04-24 12:00:00,8.6,89.7,landfall,2006-04-29 12:00:00,18.5,95.5,10,18.5,95.5,120,1324.6,100,cat3,8,False
2022180N15117,CHABA,2022,WP,12,2022-06-29 00:00:00,15.1,116.3,landfall,2022-07-02 12:00:00,21.9,110.8,7,27.5,112.8,132,1660.8,70,cat1,6,False
2008246N19250,KARINA,2008,EP,3,2008-09-02 12:00:00,19.2,-111.0,closest_approach,2008-09-02 12:00:00,19.2,-111.0,0,20.2,-113.8,24,314.6,35,ts,0,False
2021015S14147,KIMI,2021,SP,8,2021-01-16 00:00:00,-14.0,146.1,closest_approach,2021-01-19 12:00:00,-17.4,146.6,7,-17.4,146.6,84,644.2,45,ts,3,False
2007136S10158,PIERRE,2007,SP,16,2007-05-15 12:00:00,-10.1,157.7,closest_approach,2007-05-22 00:00:00,-10.6,142.7,13,-10.3,138.8,180,2304.1,40,ts,2,False
2014056S18175,KOFI,2014,SP,12,2014-02-26 12:00:00,-17.8,178.9,closest_approach,2014-02-27 00:00:00,-17.3,178.8,1,-32.5,197.2,132,2901.7,55,ts,10,True
2013287N13243,PRISCILLA,2013,EP,11,2013-10-13 12:00:00,12.5,-116.8,closest_approach,2013-10-15 12:00:00,17.3,-116.3,4,18.6,-125.4,120,1608.7,40,ts,2,False
2019243N06136,LINGLING,2019,WP,17,2019-08-30 12:00:00,6.4,136.0,landfall,2019-09-07 12:00:00,40.8,126.4,16,40.8,126.4,192,4508.6,95,cat2,12,False
2014015S16043,DELIWE,2014,SI,14,2014-01-14 12:00:00,-15.7,43.3,landfall,2014-01-15 12:00:00,-17.2,44.8,2,-22.8,36.8,156,1861.8,45,ts,5,False
2012168N19112,TALIM,2012,WP,8,2012-06-17 00:00:00,19.4,111.3,closest_approach,2012-06-17 00:00:00,19.4,111.3,0,24.4,120.1,84,1195.8,50,ts,5,False
2007251N30288,GABRIELLE,2007,NA,7,2007-09-08 00:00:00,30.1,-71.8,closest_approach,2007-09-10 00:00:00,36.0,-75.8,4,37.9,-70.0,72,1417.0,50,ts,3,False
2020174N39293,DOLLY,2020,NA,6,2020-06-22 12:00:00,38.4,-66.9,closest_approach,2020-06-25 00:00:00,44.1,-55.6,5,44.1,-55.6,60,1186.0,40,ts,2,False
2011208N22274,DON,2011,NA,6,2011-07-27 12:00:00,21.8,-86.2,closest_approach,2011-07-30 00:00:00,27.0,-96.9,5,27.0,-96.9,60,1231.4,45,ts,3,False
2026219N29161,CHAN-HOM,2026,WP,11,2026-08-07 00:00:00,29.2,160.8,landfall,2026-08-11 12:00:00,36.0,140.0,9,35.5,135.8,120,2709.8,51,ts,8,False
2012166N09269,CARLOTTA,2012,EP,7,2012-06-14 00:00:00,9.2,-92.3,landfall,2012-06-16 12:00:00,17.3,-99.0,5,18.0,-100.1,72,1310.3,90,cat2,4,False
2022305S04091,UNNAMED,2023,SI,13,2022-11-01 00:00:00,-4.4,91.3,closest_approach,2022-11-01 12:00:00,-4.3,93.6,1,-11.9,78.3,144,2702.0,35,ts,5,False
2023152N26274,ARLENE,2023,NA,7,2023-06-01 00:00:00,26.7,-85.7,closest_approach,2023-06-04 00:00:00,23.5,-84.1,6,23.5,-84.1,72,697.0,35,ts,3,False
2026241N30273,EDOUARD,2026,NA,11,2026-08-29 00:00:00,29.4,-87.3,landfall,2026-09-02 00:00:00,30.2,-94.2,8,32.0,-95.5,120,1111.8,40,ts,7,False
2006312N13256,ROSA,2006,EP,5,2006-11-08 12:00:00,13.3,-104.1,closest_approach,2006-11-10 12:00:00,15.9,-105.9,4,15.9,-105.9,48,349.0,35,ts,2,False
2006198N37291,UNNAMED,2006,NA,7,2006-07-16 12:00:00,37.2,-68.7,closest_approach,2006-07-19 00:00:00,48.6,-52.9,5,49.8,-46.1,72,2313.9,40,ts,2,False
2025261N23166,NEOGURI,2025,WP,22,2025-09-18 12:00:00,23.1,163.2,closest_approach,2025-09-22 00:00:00,29.7,151.0,7,42.3,172.4,252,4778.4,100,cat3,5,False
2006254N20306,GORDON,2006,NA,28,2006-09-11 00:00:00,20.3,-54.5,closest_approach,2006-09-22 00:00:00,54.5,-10.5,22,49.0,-8.0,324,9277.8,105,cat3,6,False
2008179N12252,BORIS,2008,EP,18,2008-06-27 12:00:00,12.6,-108.7,closest_approach,2008-06-27 12:00:00,12.6,-108.7,0,15.9,-137.2,204,3211.4,65,cat1,7,False
2023096S07135,ILSA,2023,SP,20,2023-04-05 12:00:00,-7.1,135.4,landfall,2023-04-14 00:00:00,-21.4,121.3,17,-23.0,130.5,228,3732.7,125,cat4,16,False
2016288N06146,HAIMA,2016,WP,15,2016-10-15 00:00:00,8.6,143.3,landfall,2016-10-21 12:00:00,24.4,114.8,13,27.4,116.5,168,4057.3,115,cat4,8,False
2018186N31292,CHRIS,2018,NA,25,2018-07-05 12:00:00,30.7,-69.7,closest_approach,2018-07-13 00:00:00,48.0,-53.4,15,63.5,-11.5,288,6582.2,90,cat2,11,False
2009272N07164,MELOR,2009,WP,22,2009-09-28 12:00:00,7.3,163.8,landfall,2009-10-08 00:00:00,36.1,138.6,19,42.2,147.7,252,6733.2,110,cat3,12,False
2022266N17341,HERMINE,2022,NA,6,2022-09-23 12:00:00,17.4,-19.9,closest_approach,2022-09-26 00:00:00,24.6,-19.4,5,24.6,-19.4,60,856.7,35,ts,1,False
2017239N18147,SANVU,2017,WP,12,2017-08-28 12:00:00,20.2,147.2,closest_approach,2017-09-02 12:00:00,33.2,146.8,10,38.4,150.1,132,2840.2,80,cat1,7,False
2011310N29290,SEAN,2011,NA,14,2011-11-06 00:00:00,28.5,-70.0,closest_approach,2011-11-10 12:00:00,30.2,-70.7,9,40.0,-55.0,156,2470.2,55,ts,7,False
2007021S12195,ZITA,2007,SP,7,2007-01-21 12:00:00,-11.7,-163.6,closest_approach,2007-01-21 12:00:00,-11.7,-163.6,0,-25.8,-150.0,72,2286.2,60,ts,4,False
2025076S13107,UNNAMED,2025,SI,6,2025-03-19 00:00:00,-13.2,96.4,closest_approach,2025-03-19 00:00:00,-13.2,96.4,0,-15.3,97.5,60,641.2,45,ts,1,False
2012301N11087,NILAM,2012,NI,10,2012-10-27 12:00:00,10.7,86.8,landfall,2012-10-31 12:00:00,12.7,79.8,8,13.3,77.3,108,1403.9,45,ts,7,False
2015180N09160,CHAN-HOM,2015,WP,26,2015-06-30 00:00:00,9.4,160.9,closest_approach,2015-07-11 00:00:00,28.6,122.8,22,36.7,124.7,300,5899.3,90,cat2,20,False
2009325S12066,BONGANI,2010,SI,9,2009-11-21 12:00:00,-10.7,61.3,closest_approach,2009-11-25 12:00:00,-11.3,49.5,8,-11.3,49.5,96,1471.4,37,ts,4,False
2019077S13123,VERONICA,2019,SI,25,2019-03-18 12:00:00,-13.7,122.4,closest_approach,2019-03-26 12:00:00,-21.8,114.4,16,-21.3,103.8,288,2755.3,115,cat4,5,False
2020234N14280,MARCO,2020,NA,10,2020-08-21 00:00:00,14.6,-81.8,closest_approach,2020-08-25 00:00:00,28.9,-89.3,8,28.6,-91.4,108,2018.9,65,cat1,5,False
2024313N10169,MAN-YI,2024,WP,24,2024-11-08 00:00:00,10.8,166.4,landfall,2024-11-17 12:00:00,16.5,120.7,19,18.1,112.0,276,6398.6,105,cat3,16,False
2018324N04156,MAN-YI,2018,WP,16,2018-11-20 12:00:00,4.9,153.6,closest_approach,2018-11-28 00:00:00,25.7,135.8,15,25.7,135.8,180,3976.1,80,cat1,8,False
2014236N22288,CRISTOBAL,2014,NA,19,2014-08-24 00:00:00,22.0,-72.5,landfall,2014-09-01 00:00:00,64.0,-22.0,16,68.0,-15.0,216,7074.7,75,cat1,10,False
2019265N12301,KAREN,2019,NA,12,2019-09-22 00:00:00,11.5,-58.8,closest_approach,2019-09-25 00:00:00,18.5,-65.2,6,28.8,-60.0,132,2575.4,40,ts,6,False
2023015N36289,UNNAMED,2023,NA,8,2023-01-15 00:00:00,36.4,-71.3,landfall,2023-01-18 00:00:00,50.4,-60.2,7,50.4,-60.2,72,2181.5,60,ts,4,False
2020037S13163,UESI,2020,SP,17,2020-02-08 00:00:00,-13.6,163.5,closest_approach,2020-02-11 12:00:00,-20.6,162.8,7,-44.3,163.9,192,3594.9,70,cat1,7,False
2020072S14054,HEROLD,2020,SI,17,2020-03-12 12:00:00,-13.8,53.6,closest_approach,2020-03-14 00:00:00,-15.2,51.0,3,-29.7,75.3,192,3404.6,85,cat2,9,False
2022055S13129,ANIKA,2022,SI,16,2022-02-24 00:00:00,-12.8,128.8,landfall,2022-02-26 12:00:00,-13.9,127.1,5,-22.9,122.9,180,1707.0,50,ts,5,False
2012247N18252,JOHN,2012,EP,10,2012-09-02 12:00:00,17.5,-107.6,closest_approach,2012-09-02 12:00:00,17.5,-107.6,0,26.6,-122.1,108,1816.0,40,ts,1,False
2018251N15248,PAUL,2018,EP,15,2018-09-07 12:00:00,14.7,-111.9,closest_approach,2018-09-07 12:00:00,14.7,-111.9,0,21.2,-133.1,168,2602.8,40,ts,5,False
2023292N13309,TAMMY,2023,NA,26,2023-10-19 00:00:00,13.0,-52.5,closest_approach,2023-10-23 00:00:00,20.2,-63.9,8,24.9,-49.9,300,5197.8,95,cat2,13,False
2018250N12170,MANGKHUT,2018,WP,22,2018-09-07 00:00:00,12.1,167.9,landfall,2018-09-15 00:00:00,18.1,120.7,16,23.9,105.6,252,6913.0,110,cat3,9,False
2022020S13060,ANA,2022,SI,11,2022-01-20 00:00:00,-12.9,59.7,landfall,2022-01-22 12:00:00,-17.6,48.4,5,-16.6,35.1,120,2949.7,40,ts,8,False
2017025S16128,UNNAMED,2017,SI,18,2017-01-25 12:00:00,-15.8,126.5,landfall,2017-01-25 12:00:00,-15.8,126.5,0,-22.9,87.2,204,4305.6,45,ts,5,False
2011038S11062,BINGIZA,2011,SI,20,2011-02-08 12:00:00,-12.9,58.0,landfall,2011-02-14 12:00:00,-15.9,48.7,12,-21.5,45.8,228,2320.1,85,cat2,9,False
2019337N11072,UNNAMED,2019,NI,7,2019-12-02 12:00:00,10.7,72.3,closest_approach,2019-12-02 12:00:00,10.7,72.3,0,16.0,64.7,84,1085.1,40,ts,1,False
2025198S10090,UNNAMED,2026,SI,6,2025-07-17 00:00:00,-9.8,89.5,closest_approach,2025-07-17 00:00:00,-9.8,89.5,0,-14.2,81.8,60,1136.8,35,ts,0,False
2025054S13182,RAE,2025,SP,6,2025-02-22 12:00:00,-13.4,-177.8,closest_approach,2025-02-23 12:00:00,-16.0,-179.0,2,-24.5,-177.6,72,1291.8,60,ts,4,False
2013005S10126,NARELLE,2013,SI,15,2013-01-07 12:00:00,-11.4,120.7,closest_approach,2013-01-07 12:00:00,-11.4,120.7,0,-27.8,109.6,168,2368.2,105,cat3,8,False
2017052S16178,UNNAMED,2017,SP,4,2017-02-21 00:00:00,-16.2,178.4,closest_approach,2017-02-21 00:00:00,-16.2,178.4,0,-24.5,193.2,36,1800.9,45,ts,2,True
2023249N12320,LEE,2023,NA,27,2023-09-05 12:00:00,12.2,-39.6,closest_approach,2023-09-17 00:00:00,44.7,-66.2,23,52.6,-48.6,312,7041.5,135,cat4,5,False
2009317S10073,ANJA,2010,SI,11,2009-11-13 12:00:00,-10.2,71.8,closest_approach,2009-11-18 00:00:00,-20.9,66.4,9,-22.8,67.1,120,1612.5,90,cat2,4,False
2016178N22068,UNNAMED,2016,NI,4,2016-06-26 12:00:00,21.8,67.1,closest_approach,2016-06-26 12:00:00,21.8,67.1,0,21.5,63.9,36,341.0,35,ts,1,False
2015270N27291,JOAQUIN,2015,NA,37,2015-09-27 00:00:00,26.9,-68.6,landfall,2015-10-12 12:00:00,39.5,-9.1,31,35.2,-7.7,432,8247.5,135,cat4,13,False
2014356S08101,KATE,2015,SI,22,2014-12-23 12:00:00,-9.6,100.7,closest_approach,2014-12-23 12:00:00,-9.6,100.7,0,-27.8,81.0,252,3202.6,90,cat2,7,False
2016279N19130,AERE,2016,WP,20,2016-10-05 00:00:00,19.0,126.5,landfall,2016-10-14 00:00:00,16.5,106.5,18,16.8,104.7,228,2985.2,55,ts,5,False
2024275N14264,UNNAMED,2024,EP,6,2024-10-01 00:00:00,13.8,-95.5,closest_approach,2024-10-02 00:00:00,15.2,-95.0,2,14.7,-95.1,60,448.3,35,ts,3,False
2013009S11084,EMANG,2013,SI,17,2013-01-11 12:00:00,-12.9,80.8,closest_approach,2013-01-19 12:00:00,-14.9,66.3,16,-14.9,66.3,192,1892.9,35,ts,2,False
2023294N09264,OTIS,2023,EP,10,2023-10-21 00:00:00,9.3,-95.8,landfall,2023-10-25 12:00:00,17.7,-100.3,9,17.7,-100.3,108,1130.5,130,cat4,8,False
2021108S11067,JOBO,2021,SI,14,2021-04-18 00:00:00,-11.2,66.0,closest_approach,2021-04-24 12:00:00,-8.0,39.8,13,-8.0,39.8,156,2954.5,65,cat1,7,False
2021062S14064,HABANA,2021,SI,29,2021-03-03 00:00:00,-14.0,64.2,closest_approach,2021-03-03 00:00:00,-14.0,64.2,0,-23.5,70.3,336,3784.4,120,cat4,18,False
2024357N10115,PABUK,2024,WP,8,2024-12-22 00:00:00,10.3,114.9,closest_approach,2024-12-25 00:00:00,10.6,110.7,6,9.1,109.9,84,718.4,35,ts,1,False
2025031S15106,VINCE,2025,SI,21,2025-02-02 00:00:00,-15.5,100.3,closest_approach,2025-02-02 00:00:00,-15.5,100.3,0,-30.1,70.4,240,4384.9,120,cat4,11,False
2018204N15137,JONGDARI,2018,WP,25,2018-07-23 00:00:00,15.2,137.4,landfall,2018-07-29 00:00:00,34.5,133.3,12,33.8,118.1,288,5951.0,75,cat1,8,False
2024218N23143,MARIA,2024,WP,17,2024-08-05 00:00:00,23.0,142.5,landfall,2024-08-12 00:00:00,39.0,141.7,14,41.5,138.9,192,2731.7,55,ts,8,False
2022094S15163,FILI,2022,SP,11,2022-04-04 00:00:00,-16.2,163.5,closest_approach,2022-04-06 12:00:00,-20.7,163.6,5,-25.6,168.4,120,1576.0,60,ts,4,False
2006017S15126,DARYL,2006,SI,11,2006-01-18 12:00:00,-15.9,123.2,closest_approach,2006-01-19 00:00:00,-16.2,122.6,1,-24.0,108.9,120,1765.3,55,ts,3,False
2018178N12253,EMILIA,2018,EP,14,2018-06-27 12:00:00,12.4,-107.5,closest_approach,2018-06-27 12:00:00,12.4,-107.5,0,23.4,-134.6,156,3125.8,50,ts,4,False
2025129S08138,UNNAMED,2025,SP,3,2025-05-11 12:00:00,-9.1,138.3,closest_approach,2025-05-12 00:00:00,-8.8,137.8,1,-7.9,137.2,24,184.1,35,ts,0,False
2023317N10094,MIDHILI,2023,NI,9,2023-11-13 12:00:00,10.9,93.4,landfall,2023-11-17 12:00:00,23.0,91.0,8,23.0,91.0,96,1972.1,40,ts,8,False
2026248N22138,UNNAMED,2026,WP,3,2026-09-04 12:00:00,22.4,137.8,closest_approach,2026-09-05 12:00:00,28.5,133.8,2,28.5,133.8,24,807.0,39,ts,0,False
2024267N29129,CIMARON,2024,WP,8,2024-09-24 00:00:00,27.9,133.6,closest_approach,2024-09-27 12:00:00,29.5,133.1,7,29.5,133.1,84,694.7,35,ts,1,False
2009238N20151,KROVANH,2009,WP,12,2009-08-26 12:00:00,19.8,150.8,closest_approach,2009-08-31 12:00:00,36.4,141.5,10,40.3,144.6,132,2911.6,60,ts,9,False
2021244N12339,LARRY,2021,NA,22,2021-09-01 00:00:00,11.9,-22.5,closest_approach,2021-09-11 00:00:00,45.1,-56.6,20,52.5,-49.7,252,7512.1,110,cat3,7,False
2024029S15063,UNNAMED,2024,SI,10,2024-01-29 00:00:00,-15.4,63.1,closest_approach,2024-01-30 00:00:00,-17.8,64.1,2,-21.2,69.9,108,1297.1,35,ts,4,False
2006311N16143,CHEBI,2006,WP,16,2006-11-07 12:00:00,15.8,141.1,closest_approach,2006-11-11 00:00:00,16.0,121.7,7,16.5,109.7,180,3483.4,100,cat3,6,False
2026010S17148,KOJI,2026,SP,2,2026-01-10 12:00:00,-17.9,148.0,landfall,2026-01-11 00:00:00,-20.1,147.7,1,-20.1,147.7,12,246.7,45,ts,0,False
2012215N23146,HAIKUI,2012,WP,17,2012-08-01 12:00:00,22.7,146.3,landfall,2012-08-08 00:00:00,29.4,121.4,13,30.7,117.3,192,3111.6,65,cat1,12,False
2009337N14143,UNNAMED,2009,WP,7,2009-12-02 12:00:00,13.8,142.7,closest_approach,2009-12-05 12:00:00,26.4,150.0,6,26.4,150.0,72,1909.9,35,ts,5,False
2012362S08071,DUMILE,2013,SI,15,2012-12-29 12:00:00,-10.4,63.8,closest_approach,2013-01-03 12:00:00,-21.8,54.3,10,-33.7,61.7,168,3614.1,70,cat1,11,False
2013128S05086,JAMALA,2013,SI,15,2013-05-08 00:00:00,-5.8,85.0,closest_approach,2013-05-08 00:00:00,-5.8,85.0,0,-7.9,80.5,168,1674.7,37,ts,2,False
2007032S11137,NELSON,2007,SP,9,2007-02-03 00:00:00,-14.8,138.0,landfall,2007-02-07 00:00:00,-16.4,141.7,8,-16.4,141.7,96,620.9,50,ts,7,False
2016230N15138,MINDULLE,2016,WP,13,2016-08-17 00:00:00,15.4,139.0,landfall,2016-08-22 12:00:00,37.8,140.7,11,44.0,143.9,144,3712.3,65,cat1,10,False
2015270N13257,MARTY,2015,EP,9,2015-09-26 12:00:00,12.7,-102.8,closest_approach,2015-09-29 12:00:00,16.2,-101.6,6,16.2,-102.2,96,700.5,65,cat1,4,False
2021227N36297,HENRI,2021,NA,20,2021-08-15 00:00:00,35.8,-63.4,landfall,2021-08-23 00:00:00,41.8,-73.0,16,42.2,-69.6,228,3539.6,65,cat1,13,False
2008238N13130,UNNAMED,2008,WP,9,2008-08-25 00:00:00,12.8,130.0,closest_approach,2008-08-27 12:00:00,18.4,122.6,5,21.1,120.9,96,1385.2,35,ts,4,False
2016256N12146,MALAKAS,2016,WP,19,2016-09-11 12:00:00,12.4,146.1,closest_approach,2016-09-20 12:00:00,34.8,138.4,18,34.8,138.4,216,4987.1,95,cat2,11,False
2014253N13260,ODILE,2014,EP,18,2014-09-09 12:00:00,13.5,-100.1,landfall,2014-09-15 12:00:00,24.2,-110.9,12,31.0,-112.0,204,2642.6,115,cat4,10,False
2025297N13247,SONIA,2025,EP,11,2025-10-24 12:00:00,13.2,-114.5,closest_approach,2025-10-24 12:00:00,13.2,-114.5,0,15.4,-126.6,120,1362.5,45,ts,2,False
2016194N15255,DARBY,2016,EP,31,2016-07-11 12:00:00,14.5,-105.2,landfall,2016-07-24 00:00:00,19.3,-155.3,25,23.1,-163.0,360,6388.5,100,cat3,10,False
2008026S12179,GENE,2008,SP,24,2008-01-26 00:00:00,-11.9,179.4,landfall,2008-01-28 00:00:00,-16.9,179.0,4,-30.9,186.9,276,3965.6,85,cat2,12,True
2025056S16171,SERU,2025,SP,7,2025-02-25 00:00:00,-16.8,170.9,closest_approach,2025-02-25 00:00:00,-16.8,170.9,0,-23.0,172.5,72,807.1,50,ts,1,False
2023265N29284,OPHELIA,2023,NA,7,2023-09-21 12:00:00,28.5,-76.0,landfall,2023-09-23 12:00:00,35.1,-77.1,4,37.9,-77.4,72,1103.3,60,ts,3,False
2008246N12338,JOSEPHINE,2008,NA,17,2008-09-02 00:00:00,12.3,-21.9,closest_approach,2008-09-02 00:00:00,12.3,-21.9,0,16.3,-53.6,192,3528.6,55,ts,3,False
2009271N15257,OLAF,2009,EP,14,2009-09-28 00:00:00,15.4,-103.5,landfall,2009-10-04 12:00:00,24.5,-111.2,13,24.5,-111.2,156,2732.8,40,ts,8,False
2024100S11152,PAUL,2024,SP,8,2024-04-09 00:00:00,-10.5,152.4,closest_approach,2024-04-09 00:00:00,-10.5,152.4,0,-13.7,154.6,84,923.0,50,ts,4,False
2024231N14251,GILMA,2024,EP,23,2024-08-18 12:00:00,14.4,-110.4,closest_approach,2024-08-29 12:00:00,19.8,-150.1,22,19.8,-150.1,264,4296.2,115,cat4,13,False
2016236N13146,UNNAMED,2016,WP,4,2016-08-23 00:00:00,12.2,145.8,closest_approach,2016-08-24 12:00:00,24.5,148.1,3,24.5,148.1,36,1424.7,40,ts,1,False
2024271N17319,JOYCE,2024,NA,7,2024-09-27 12:00:00,17.8,-42.5,closest_approach,2024-09-30 00:00:00,22.1,-49.5,5,22.6,-49.0,72,952.0,45,ts,1,False
2018227N11145,SOULIK,2018,WP,22,2018-08-15 00:00:00,11.4,145.1,landfall,2018-08-24 00:00:00,37.3,128.9,18,43.6,138.7,252,5004.1,85,cat2,12,False
2015322N13253,RICK,2015,EP,16,2015-11-18 12:00:00,12.9,-106.9,closest_approach,2015-11-19 12:00:00,14.2,-106.1,2,20.6,-125.4,180,2526.1,35,ts,2,False
2021140N30305,ANA,2021,NA,9,2021-05-20 00:00:00,30.3,-55.5,closest_approach,2021-05-24 00:00:00,37.6,-56.7,8,37.6,-56.7,96,2068.2,50,ts,2,False
2009051S11075,HINA,2009,SI,15,2009-02-20 00:00:00,-10.7,74.7,closest_approach,2009-02-26 12:00:00,-26.9,64.2,13,-28.8,63.0,168,3035.5,57,ts,5,False
2006012N03081,UNNAMED,2006,NI,15,2006-01-12 00:00:00,2.9,81.1,closest_approach,2006-01-13 00:00:00,3.8,78.9,2,9.2,54.9,168,3090.7,35,ts,6,False
2018136N11054,SAGAR,2018,NI,9,2018-05-16 00:00:00,12.0,52.7,landfall,2018-05-19 12:00:00,10.4,43.8,7,9.9,42.8,96,1204.8,45,ts,4,False
2021093S11122,SEROJA,2021,SI,18,2021-04-03 12:00:00,-10.7,123.7,landfall,2021-04-11 12:00:00,-28.3,114.4,16,-33.6,120.7,204,4092.2,65,cat1,16,False
2015012N09146,MEKKHALA,2015,WP,16,2015-01-12 12:00:00,8.7,144.7,landfall,2015-01-17 12:00:00,12.4,125.1,10,16.8,124.4,180,2999.6,60,ts,9,False
2007266N36314,JERRY,2007,NA,4,2007-09-23 00:00:00,36.2,-46.1,closest_approach,2007-09-24 12:00:00,39.3,-44.7,3,39.3,-44.7,36,432.7,35,ts,1,False
2007346S12073,CELINA,2008,SI,21,2007-12-12 12:00:00,-12.8,71.1,closest_approach,2007-12-20 12:00:00,-21.5,54.8,16,-20.5,50.5,240,2618.1,40,ts,10,False
2023032S12091,DINGANI,2023,SI,32,2023-02-01 00:00:00,-12.1,90.9,closest_approach,2023-02-06 12:00:00,-12.4,99.6,11,-31.7,67.5,372,6640.2,80,cat1,24,False
2013157N25273,ANDREA,2013,NA,6,2013-06-06 00:00:00,25.6,-86.5,landfall,2013-06-07 00:00:00,29.8,-83.0,2,42.4,-70.4,60,2379.3,55,ts,1,False
2025240N15117,NONGFA,2025,WP,5,2025-08-28 12:00:00,15.3,115.2,landfall,2025-08-30 12:00:00,18.1,104.7,4,18.1,104.7,48,1172.9,40,ts,3,False
2024233N15148,SHANSHAN,2024,WP,24,2024-08-21 00:00:00,15.8,144.1,landfall,2024-08-29 12:00:00,33.0,130.6,17,34.9,136.4,276,3606.5,95,cat2,14,False
2021042S23040,GUAMBE,2021,SI,17,2021-02-14 00:00:00,-23.3,32.9,landfall,2021-02-14 00:00:00,-23.3,32.9,0,-34.1,44.6,192,2446.4,80,cat1,11,False
2019233N15255,IVO,2019,EP,12,2019-08-21 12:00:00,15.3,-106.9,closest_approach,2019-08-27 00:00:00,25.9,-117.5,11,25.9,-117.5,132,2074.4,60,ts,2,False
2026037S18122,MITCHELL,2026,SI,8,2026-02-06 00:00:00,-17.8,121.9,closest_approach,2026-02-09 12:00:00,-25.3,113.8,7,-25.3,113.8,84,1352.4,74,cat1,3,False
2017223N16172,BANYAN,2017,WP,14,2017-08-10 12:00:00,15.5,171.9,closest_approach,2017-08-17 00:00:00,40.4,173.8,13,40.4,173.8,156,3625.5,80,cat1,5,False
2020353N06129,KROVANH,2020,WP,17,2020-12-17 12:00:00,5.8,129.0,closest_approach,2020-12-19 12:00:00,9.7,118.4,4,11.3,97.0,192,3815.4,35,ts,5,False
2025191N19142,NARI,2025,WP,8,2025-07-11 00:00:00,25.0,140.4,closest_approach,2025-07-14 12:00:00,39.8,142.7,7,39.8,142.7,84,1890.0,45,ts,5,False
2012216N12337,FLORENCE,2012,NA,10,2012-08-03 12:00:00,12.5,-24.5,closest_approach,2012-08-03 12:00:00,12.5,-24.5,0,18.0,-50.7,108,2894.8,50,ts,3,False
2019178N10137,UNNAMED,2019,WP,9,2019-06-27 00:00:00,10.3,137.2,closest_approach,2019-07-01 00:00:00,21.2,124.0,8,21.2,124.0,96,1877.6,35,ts,5,False
2015260N12187,MALIA,2015,EP,12,2015-09-17 12:00:00,12.9,-174.3,closest_approach,2015-09-21 12:00:00,25.2,-171.4,8,30.8,-173.5,132,2247.7,45,ts,8,False
2015036S20038,FUNDI,2015,SI,9,2015-02-06 00:00:00,-21.7,40.9,closest_approach,2015-02-07 12:00:00,-24.7,43.2,3,-36.3,40.7,96,1900.4,55,ts,5,False
2018363S12145,PENNY,2019,SP,25,2018-12-28 12:00:00,-11.6,144.9,landfall,2018-12-30 12:00:00,-13.1,141.8,4,-20.4,147.6,288,3633.6,55,ts,12,False
2013026S13067,FELLENG,2013,SI,21,2013-01-25 12:00:00,-12.5,67.4,closest_approach,2013-01-31 12:00:00,-19.2,50.9,12,-36.7,55.7,240,4166.6,90,cat2,9,False
2016102S12074,FANTALA,2016,SI,30,2016-04-11 00:00:00,-12.4,73.4,closest_approach,2016-04-18 00:00:00,-9.5,50.1,14,-7.2,48.3,348,4873.9,135,cat4,14,False
2024134S07055,IALY,2024,SI,18,2024-05-14 00:00:00,-9.0,54.1,closest_approach,2024-05-22 12:00:00,-2.2,42.0,17,-2.2,42.0,204,2103.0,65,cat1,15,False
2006075S14185,WATI,2006,SP,15,2006-03-18 00:00:00,-14.1,171.9,closest_approach,2006-03-19 00:00:00,-15.3,166.0,2,-26.8,162.4,168,3380.3,80,cat1,9,False
2019297N40322,PABLO,2019,NA,11,2019-10-24 00:00:00,40.2,-38.4,closest_approach,2019-10-28 00:00:00,45.5,-17.0,8,46.8,-16.4,120,3247.0,65,cat1,7,False
2025010S17185,PITA,2025,SP,4,2025-01-11 00:00:00,-20.0,-166.5,closest_approach,2025-01-11 00:00:00,-20.0,-166.5,0,-22.5,-156.3,36,1097.5,35,ts,0,False
2013272N10135,FITOW,2013,WP,15,2013-09-30 00:00:00,12.0,133.3,landfall,2013-10-07 00:00:00,27.1,118.9,14,27.1,118.9,168,2504.9,75,cat1,10,False
2022042S12063,DUMAKO,2022,SI,10,2022-02-11 12:00:00,-12.3,62.9,landfall,2022-02-16 00:00:00,-17.3,47.1,9,-17.3,47.1,108,1915.2,45,ts,6,False
2013237N11129,KONG-REY,2013,WP,13,2013-08-25 00:00:00,11.4,129.0,closest_approach,2013-08-31 00:00:00,33.5,129.6,12,33.5,129.6,144,3003.9,55,ts,7,False
2018265N08338,KIRK,2018,NA,14,2018-09-22 12:00:00,8.1,-22.9,closest_approach,2018-09-28 12:00:00,13.6,-63.1,13,13.6,-63.1,144,4452.9,55,ts,8,False
2013324S11113,ALESSIA,2014,SI,20,2013-11-21 00:00:00,-12.4,115.8,landfall,2013-11-24 12:00:00,-13.6,130.9,7,-15.5,137.6,228,3302.6,40,ts,3,False
2006060N04141,UNNAMED,2006,WP,12,2006-03-01 12:00:00,3.7,140.5,closest_approach,2006-03-07 00:00:00,4.0,134.2,11,4.0,134.2,132,1109.7,35,ts,6,False
2022285N17140,NESAT,2022,WP,18,2022-10-12 00:00:00,16.6,140.4,closest_approach,2022-10-16 00:00:00,19.3,121.1,8,17.5,108.0,204,3655.4,75,cat1,11,False
2018256S07076,UNNAMED,2019,SI,11,2018-09-13 12:00:00,-7.6,75.4,closest_approach,2018-09-18 12:00:00,-9.8,55.6,10,-9.8,55.6,120,2374.4,40,ts,4,False
2007265N20122,FRANCISCO,2007,WP,6,2007-09-23 00:00:00,19.7,116.0,landfall,2007-09-24 12:00:00,19.5,109.4,3,20.3,107.0,60,989.5,40,ts,2,False
2021053S13128,MARIAN,2021,SI,23,2021-02-24 12:00:00,-12.5,109.8,closest_approach,2021-02-24 12:00:00,-12.5,109.8,0,-28.1,96.7,264,3886.4,90,cat2,8,False
2021250N17254,OLAF,2021,EP,11,2021-09-07 00:00:00,17.4,-106.3,closest_approach,2021-09-10 12:00:00,24.0,-111.2,7,24.3,-114.8,120,1315.1,85,cat2,6,False
2012296N06135,SON-TINH,2012,WP,13,2012-10-23 00:00:00,8.5,129.8,landfall,2012-10-25 00:00:00,12.8,121.0,4,21.2,107.1,144,3016.5,85,cat2,9,False
2014197N10137,MATMO,2014,WP,15,2014-07-17 00:00:00,9.9,135.9,landfall,2014-07-23 12:00:00,25.7,118.8,13,27.8,117.8,168,2895.0,70,cat1,8,False
2022347N12074,UNNAMED,2022,NI,14,2022-12-12 12:00:00,12.0,74.2,closest_approach,2022-12-12 12:00:00,12.0,74.2,0,11.6,55.4,156,2174.7,50,ts,3,False
2007322S06075,BONGWE,2008,SI,21,2007-11-17 12:00:00,-5.5,75.5,closest_approach,2007-11-27 12:00:00,-16.7,55.7,20,-16.7,55.7,240,3098.5,55,ts,9,False
2016205N25152,LUPIT,2016,WP,3,2016-07-23 12:00:00,27.5,155.4,closest_approach,2016-07-24 12:00:00,35.0,159.4,2,35.0,159.4,24,940.7,40,ts,1,False
2022264N17132,NORU,2022,WP,16,2022-09-21 00:00:00,17.4,132.4,landfall,2022-09-25 12:00:00,15.2,121.4,9,15.8,105.0,180,3465.3,95,cat2,8,False
2011225N26302,GERT,2011,NA,9,2011-08-13 12:00:00,26.9,-59.4,closest_approach,2011-08-17 12:00:00,42.9,-48.3,8,42.9,-48.3,96,2595.7,55,ts,4,False
2010176N16278,ALEX,2010,NA,15,2010-06-25 00:00:00,16.0,-82.1,landfall,2010-06-27 00:00:00,17.5,-88.2,4,23.2,-101.9,168,2435.4,90,cat2,12,False
2025223N17337,ERIN,2025,NA,34,2025-08-11 00:00:00,16.5,-23.1,closest_approach,2025-08-17 00:00:00,20.0,-64.6,12,58.6,-20.9,396,12014.0,130,cat4,11,False
2018263N12146,TRAMI,2018,WP,22,2018-09-20 12:00:00,13.0,145.8,landfall,2018-09-30 12:00:00,34.3,136.0,20,41.4,144.3,252,5156.4,105,cat3,9,False
2009289N12230,NEKI,2009,EP,24,2009-10-15 12:00:00,12.3,-130.3,closest_approach,2009-10-25 00:00:00,24.7,-163.9,19,28.8,-165.3,276,5833.1,110,cat3,13,False
2009268N14128,KETSANA,2009,WP,10,2009-09-25 00:00:00,14.4,128.4,landfall,2009-09-29 12:00:00,15.3,108.1,9,15.3,108.1,108,2202.7,70,cat1,7,False
2021264N13119,DIANMU,2021,WP,8,2021-09-21 00:00:00,12.9,119.0,landfall,2021-09-24 00:00:00,15.8,106.5,6,16.3,104.7,84,1711.3,35,ts,5,False
2023326N10240,RAMON,2023,EP,13,2023-11-21 12:00:00,10.1,-119.8,closest_approach,2023-11-26 00:00:00,14.9,-122.7,9,13.7,-125.0,144,1011.6,40,ts,9,False
2012225N18255,HECTOR,2012,EP,18,2012-08-11 12:00:00,17.5,-105.5,closest_approach,2012-08-11 12:00:00,17.5,-105.5,0,23.1,-115.7,204,1862.8,45,ts,2,False
2012223N14317,HELENE,2012,NA,19,2012-08-10 00:00:00,13.6,-44.6,landfall,2012-08-15 00:00:00,14.7,-85.3,10,22.7,-98.9,216,6198.3,35,ts,16,False
2007027S07069,DORA,2007,SI,26,2007-01-28 12:00:00,-9.1,67.0,closest_approach,2007-02-07 00:00:00,-21.3,63.3,19,-27.4,59.1,300,2711.9,105,cat3,11,False
2011336S06098,ALENGA,2012,SI,15,2011-12-02 12:00:00,-7.2,97.5,closest_approach,2011-12-02 12:00:00,-7.2,97.5,0,-21.5,102.8,168,3266.0,70,cat1,11,False
2009344N06085,WARD,2009,NI,8,2009-12-11 00:00:00,7.4,84.6,landfall,2009-12-14 12:00:00,8.5,81.1,7,8.5,81.1,84,730.6,45,ts,2,False
2021358S09130,SETH,2022,SI,20,2021-12-24 00:00:00,-9.8,129.8,landfall,2021-12-25 00:00:00,-11.5,130.1,2,-27.1,158.3,228,4187.1,55,ts,15,False
2019323N19302,SEBASTIEN,2019,NA,17,2019-11-19 12:00:00,19.9,-58.5,landfall,2019-11-26 12:00:00,52.2,-9.3,14,51.3,-2.1,192,6777.0,60,ts,7,False
2013339N09084,MADI,2013,NI,16,2013-12-05 00:00:00,9.0,84.3,closest_approach,2013-12-12 12:00:00,10.4,80.3,15,10.4,80.3,180,1517.6,65,cat1,7,False
2007288N15251,KIKO,2007,EP,25,2007-10-15 00:00:00,15.0,-108.7,closest_approach,2007-10-19 00:00:00,16.6,-104.3,8,20.7,-122.5,288,3029.9,60,ts,12,False
2022272N14258,ORLENE,2022,EP,10,2022-09-29 00:00:00,14.1,-103.2,closest_approach,2022-10-03 12:00:00,22.6,-106.2,9,22.6,-106.2,108,1210.9,115,cat4,7,False
2025100S09132,ERROL,2025,SI,14,2025-04-12 00:00:00,-11.2,127.5,landfall,2025-04-18 12:00:00,-16.1,124.6,13,-16.1,124.6,156,1763.4,110,cat3,9,False
2022167N11269,CELIA,2022,EP,30,2022-06-16 00:00:00,11.1,-91.1,closest_approach,2022-06-19 00:00:00,13.1,-90.4,6,24.0,-125.4,348,4597.5,50,ts,17,False
2006161N20275,ALBERTO,2006,NA,18,2006-06-10 12:00:00,21.0,-85.3,landfall,2006-06-14 00:00:00,31.3,-82.8,7,56.5,-5.5,204,7954.4,60,ts,4,False
2008317N11089,KHAI-MUK,2008,NI,9,2008-11-12 00:00:00,10.9,89.2,landfall,2008-11-16 00:00:00,15.1,79.7,8,15.1,79.7,96,1208.0,40,ts,6,False
2010166N15255,BLAS,2010,EP,16,2010-06-15 12:00:00,14.7,-105.2,closest_approach,2010-06-16 00:00:00,15.0,-105.5,1,16.2,-125.9,180,2385.0,55,ts,8,False
2013117S10155,ZANE,2013,SP,12,2013-04-26 12:00:00,-10.0,154.5,landfall,2013-05-02 00:00:00,-11.7,142.9,11,-11.7,142.9,132,1654.2,65,cat1,8,False
2022030S14147,UNNAMED,2022,SP,11,2022-01-30 00:00:00,-13.9,148.0,closest_approach,2022-02-04 00:00:00,-19.4,162.8,10,-19.4,162.8,120,1729.7,35,ts,3,False
2023050S09094,ENALA,2023,SI,22,2023-02-18 12:00:00,-8.9,94.1,closest_approach,2023-02-18 12:00:00,-8.9,94.1,0,-26.1,68.6,252,4529.9,65,cat1,10,False
2024216N20284,DEBBY,2024,NA,17,2024-08-02 12:00:00,20.4,-75.8,landfall,2024-08-02 12:00:00,20.4,-75.8,0,49.4,-64.7,192,4516.0,70,cat1,5,False
2008184N15254,DOUGLAS,2008,EP,9,2008-07-02 00:00:00,16.0,-106.6,closest_approach,2008-07-04 00:00:00,20.9,-110.9,4,20.2,-114.3,96,1095.2,35,ts,1,False
2025229N22127,LINGLING,2025,WP,7,2025-08-19 12:00:00,27.8,127.1,landfall,2025-08-21 12:00:00,31.6,130.8,4,32.5,133.1,72,908.7,45,ts,3,False
2008147N10141,NAKRI,2008,WP,17,2008-05-26 00:00:00,9.9,140.8,closest_approach,2008-06-03 00:00:00,31.5,140.3,16,31.5,140.3,192,3010.6,100,cat3,7,False
2010302N26299,SHARY,2010,NA,4,2010-10-29 00:00:00,26.8,-63.0,closest_approach,2010-10-29 00:00:00,26.8,-63.0,0,35.1,-57.2,36,1445.9,65,cat1,2,False
2022099N11128,MEGI,2022,WP,10,2022-04-08 12:00:00,10.5,127.5,landfall,2022-04-11 00:00:00,11.1,124.9,5,10.2,127.4,108,655.4,40,ts,3,False
2026198N08260,FAUSTO,2026,EP,26,2026-07-17 00:00:00,8.5,-101.1,closest_approach,2026-07-29 12:00:00,23.5,-155.0,25,23.5,-155.0,300,6078.4,90,cat2,15,False
2011360N09088,THANE,2011,NI,11,2011-12-25 12:00:00,8.9,88.4,landfall,2011-12-30 12:00:00,12.2,78.2,10,12.2,78.2,120,1388.2,75,cat1,8,False
2021046N06142,DUJUAN,2021,WP,16,2021-02-14 12:00:00,5.9,141.6,landfall,2021-02-22 00:00:00,11.7,125.0,15,11.7,125.0,180,2353.0,40,ts,8,False
2015229N08212,KILO,2015,EP,51,2015-08-17 12:00:00,7.7,211.3,closest_approach,2015-09-11 12:00:00,43.2,148.1,50,43.2,148.1,600,9691.0,115,cat4,25,True
2015248N10256,LINDA,2015,EP,21,2015-09-04 12:00:00,10.0,-104.0,closest_approach,2015-09-10 12:00:00,25.7,-118.4,12,27.8,-122.7,240,2893.7,110,cat3,8,False
2010244N12328,GASTON,2010,NA,15,2010-09-01 00:00:00,12.2,-32.2,closest_approach,2010-09-08 00:00:00,17.0,-66.3,14,17.0,-66.3,168,3747.7,35,ts,1,False
2015064S14052,HALIBA,2015,SI,11,2015-03-06 12:00:00,-17.3,50.6,closest_approach,2015-03-07 12:00:00,-18.7,49.9,2,-23.8,55.3,120,1495.4,45,ts,5,False
2011048S14171,ATU,2011,SP,17,2011-02-17 00:00:00,-14.2,171.6,closest_approach,2011-02-19 12:00:00,-16.4,169.0,5,-34.6,187.6,192,3322.6,90,cat2,7,True
2009255N13155,CHOI-WAN,2009,WP,18,2009-09-11 12:00:00,13.4,155.0,closest_approach,2009-09-20 00:00:00,34.1,146.8,17,34.1,146.8,204,3599.5,105,cat3,8,False
2018129N15153,UNNAMED,2018,WP,12,2018-05-09 00:00:00,14.5,153.0,closest_approach,2018-05-14 12:00:00,23.1,144.2,11,23.1,144.2,132,1482.4,35,ts,7,False
2012263N15141,JELAWAT,2012,WP,25,2012-09-19 00:00:00,14.9,140.7,landfall,2012-09-30 12:00:00,35.6,138.3,23,41.7,144.5,288,5589.8,110,cat3,12,False
2016354S15116,YVETTE,2017,SI,14,2016-12-18 12:00:00,-14.9,116.3,landfall,2016-12-25 00:00:00,-17.4,122.5,13,-17.4,122.5,156,1561.4,45,ts,5,False
2014004S17183,IAN,2014,SP,22,2014-01-04 12:00:00,-18.1,-176.7,closest_approach,2014-01-08 12:00:00,-16.8,-177.0,8,-33.9,-159.9,252,3218.5,110,cat3,14,False
2016287N12131,SARIKA,2016,WP,12,2016-10-13 12:00:00,13.6,128.6,landfall,2016-10-16 00:00:00,16.2,119.9,5,20.9,108.3,132,2374.6,85,cat2,4,False
2020258N18332,VICKY,2020,NA,12,2020-09-14 00:00:00,17.5,-28.2,closest_approach,2020-09-14 00:00:00,17.5,-28.2,0,19.6,-45.1,132,1987.5,45,ts,2,False
2014142N10254,AMANDA,2014,EP,15,2014-05-22 12:00:00,10.2,-106.8,closest_approach,2014-05-29 12:00:00,16.2,-110.2,14,16.2,-110.2,168,1206.4,135,cat4,6,False
2023212N19090,UNNAMED,2023,NI,6,2023-07-30 12:00:00,19.0,90.0,landfall,2023-08-01 12:00:00,22.3,89.7,4,23.1,87.4,60,916.1,35,ts,2,False
2007323N09128,HAGIBIS,2007,WP,19,2007-11-18 12:00:00,8.6,128.1,landfall,2007-11-19 12:00:00,10.3,123.3,2,13.3,123.0,216,3391.1,70,cat1,8,False
2017364N07138,BOLAVEN,2018,WP,7,2018-01-01 00:00:00,8.8,129.7,closest_approach,2018-01-02 00:00:00,9.3,122.4,2,12.3,111.0,72,2109.3,35,ts,4,False
2019299N25265,OLGA,2019,NA,5,2019-10-25 12:00:00,24.7,-94.8,landfall,2019-10-26 12:00:00,31.7,-90.0,2,44.5,-84.7,48,2430.6,45,ts,1,False
2024225N22135,AMPIL,2024,WP,14,2024-08-12 00:00:00,22.5,136.0,closest_approach,2024-08-16 12:00:00,35.0,142.0,9,41.8,158.0,156,3245.7,85,cat2,7,False
2008198N10265,FAUSTO,2008,EP,16,2008-07-16 12:00:00,11.0,-96.9,closest_approach,2008-07-16 12:00:00,11.0,-96.9,0,24.0,-125.7,180,3452.4,80,cat1,8,False
2018141N08059,MEKUNU,2018,NI,12,2018-05-21 12:00:00,8.4,58.3,landfall,2018-05-26 00:00:00,17.2,53.5,9,19.0,52.4,132,1383.7,95,cat2,8,False
2021267N31298,TERESA,2021,NA,5,2021-09-24 12:00:00,32.8,-62.9,closest_approach,2021-09-25 12:00:00,34.3,-65.2,2,35.6,-61.8,48,614.2,40,ts,1,False
2019244N13253,JULIETTE,2019,EP,18,2019-09-01 00:00:00,12.7,-107.2,closest_approach,2019-09-01 12:00:00,13.8,-108.2,1,24.3,-137.1,204,3482.8,110,cat3,5,False
2007184N16112,TORAJI,2007,WP,7,2007-07-03 00:00:00,15.7,111.9,landfall,2007-07-04 12:00:00,19.1,109.7,3,22.6,105.3,72,1060.7,35,ts,3,False
2024279N21265,MILTON,2024,NA,14,2024-10-05 00:00:00,20.8,-95.2,closest_approach,2024-10-10 00:00:00,27.3,-82.7,10,29.5,-69.3,156,3147.3,145,cat5,6,False
2017258N10337,LEE,2017,NA,31,2017-09-15 00:00:00,10.6,-24.7,closest_approach,2017-09-30 00:00:00,43.2,-44.5,30,43.2,-44.5,360,6988.4,100,cat3,25,False
2017061S11063,ENAWO,2017,SI,17,2017-03-02 12:00:00,-11.7,59.9,landfall,2017-03-08 00:00:00,-15.9,49.4,11,-29.0,49.4,192,3106.8,105,cat3,9,False
2021171N09152,CHAMPI,2021,WP,16,2021-06-20 00:00:00,9.5,151.0,closest_approach,2021-06-27 12:00:00,34.0,143.8,15,34.0,143.8,180,3457.7,65,cat1,11,False
2022197N12260,ESTELLE,2022,EP,18,2022-07-15 12:00:00,12.0,-99.9,closest_approach,2022-07-17 00:00:00,14.5,-104.6,3,24.0,-131.8,204,3652.0,75,cat1,4,False
2020303N05149,ATSANI,2020,WP,14,2020-10-31 12:00:00,14.6,137.2,closest_approach,2020-11-06 12:00:00,21.8,120.3,12,22.6,119.4,156,2558.6,50,ts,8,False
2019177N15256,ALVIN,2019,EP,10,2019-06-25 12:00:00,14.6,-103.8,closest_approach,2019-06-25 12:00:00,14.6,-103.8,0,21.2,-121.0,108,2086.8,65,cat1,5,False
2015285N14151,KOPPU,2015,WP,16,2015-10-12 12:00:00,14.8,147.6,landfall,2015-10-18 00:00:00,16.0,121.4,11,18.8,120.5,180,3201.3,95,cat2,10,False
2020203N09323,GONZALO,2020,NA,11,2020-07-20 12:00:00,8.9,-36.8,closest_approach,2020-07-25 12:00:00,10.3,-59.8,10,10.3,-59.8,120,2556.8,55,ts,6,False
2019285N15198,EMA,2019,EP,10,2019-10-11 12:00:00,15.4,-161.8,closest_approach,2019-10-13 00:00:00,21.4,-164.1,3,29.3,-169.3,108,1856.1,40,ts,3,False
2014086S10041,HELLEN,2014,SI,11,2014-03-27 12:00:00,-12.4,40.8,closest_approach,2014-04-01 12:00:00,-16.2,44.5,10,-16.2,44.5,120,849.9,120,cat4,6,False
2006335S10164,UNNAMED,2007,SP,5,2006-12-01 00:00:00,-10.4,164.0,closest_approach,2006-12-01 00:00:00,-10.4,164.0,0,-14.0,163.1,48,543.2,35,ts,1,False
2024145N14087,REMAL,2024,NI,10,2024-05-23 12:00:00,13.6,86.6,landfall,2024-05-27 00:00:00,22.6,89.0,7,24.5,91.1,108,1477.5,60,ts,6,False
2022154N21273,ALEX,2022,NA,8,2022-06-03 00:00:00,21.6,-87.3,closest_approach,2022-06-04 12:00:00,26.2,-82.0,3,33.8,-65.2,84,2568.5,60,ts,6,False
2021267N18094,GULAB:SHAHEEN-GU,2021,NI,21,2021-09-24 00:00:00,18.1,93.3,landfall,2021-09-27 00:00:00,18.2,82.6,6,23.7,56.9,240,3919.9,60,ts,16,False
2015068S12151,NATHAN,2015,SP,30,2015-03-09 12:00:00,-12.5,150.6,landfall,2015-03-20 00:00:00,-14.5,144.2,21,-12.2,133.2,348,3253.6,80,cat1,20,False
2026174N14148,HIGOS,2026,WP,9,2026-06-22 12:00:00,14.2,147.8,closest_approach,2026-06-26 12:00:00,31.8,136.1,7,36.4,142.9,108,3687.9,54,ts,6,False
2018221N17112,BEBINCA,2018,WP,16,2018-08-10 00:00:00,19.6,111.3,landfall,2018-08-11 12:00:00,21.6,111.7,3,20.0,101.9,180,1837.1,45,ts,13,False
2008298N16085,RASHMI,2008,NI,6,2008-10-24 12:00:00,16.0,85.5,landfall,2008-10-27 00:00:00,23.0,90.2,5,23.0,90.2,60,948.1,35,ts,4,False
2020073S14149,GRETEL,2020,SP,7,2020-03-13 12:00:00,-16.1,153.0,closest_approach,2020-03-15 12:00:00,-23.2,165.5,4,-30.3,175.4,72,2812.8,55,ts,4,False
2013286N15251,OCTAVE,2013,EP,7,2013-10-13 00:00:00,15.6,-110.0,landfall,2013-10-16 00:00:00,27.1,-108.8,6,27.1,-108.8,72,1631.9,55,ts,2,False
2014195N11232,WALI,2014,EP,12,2014-07-13 12:00:00,11.0,-128.5,closest_approach,2014-07-19 00:00:00,16.1,-144.4,11,16.1,-144.4,132,2008.5,40,ts,9,False
2008218N10224,KIKA,2008,EP,24,2008-08-04 12:00:00,10.4,223.8,closest_approach,2008-08-09 12:00:00,10.1,202.8,10,9.1,172.3,276,5748.0,35,ts,6,True
2026243N20110,SAUDEL,2026,WP,6,2026-08-31 12:00:00,19.3,111.3,landfall,2026-09-03 00:00:00,23.8,117.4,5,23.8,117.4,60,937.5,39,ts,5,False
2015171N15112,KUJIRA,2015,WP,10,2015-06-20 00:00:00,15.1,112.0,landfall,2015-06-22 12:00:00,18.9,110.4,5,21.3,106.6,108,985.8,45,ts,3,False
2024096S11120,OLGA,2024,SI,15,2024-04-04 12:00:00,-10.7,119.8,closest_approach,2024-04-11 00:00:00,-21.7,114.0,13,-22.1,113.6,168,1542.5,110,cat3,6,False
2011179N20267,ARLENE,2011,NA,6,2011-06-28 12:00:00,20.3,-93.1,landfall,2011-06-30 12:00:00,21.6,-97.3,4,21.1,-98.7,60,631.5,55,ts,4,False
2018240N15251,NORMAN,2018,EP,27,2018-08-28 00:00:00,15.3,-110.3,closest_approach,2018-09-07 12:00:00,22.8,-152.1,21,30.8,-153.2,312,5681.8,130,cat4,6,False
2017249N22263,KATIA,2017,NA,9,2017-09-05 12:00:00,22.2,-97.2,landfall,2017-09-09 12:00:00,20.1,-97.7,8,20.1,-97.7,96,661.4,85,cat2,6,False
2012281N14242,OLIVIA,2012,EP,9,2012-10-06 12:00:00,13.5,-118.0,closest_approach,2012-10-08 12:00:00,16.5,-121.2,4,13.7,-125.1,96,1115.0,50,ts,2,False
2020256N25281,SALLY,2020,NA,13,2020-09-12 00:00:00,25.6,-79.4,landfall,2020-09-12 12:00:00,25.5,-80.8,1,33.7,-82.3,144,1767.3,85,cat2,9,False
2020270N17159,KUJIRA,2020,WP,9,2020-09-26 12:00:00,19.2,159.7,closest_approach,2020-09-30 00:00:00,39.8,160.5,7,41.2,166.3,96,3232.2,60,ts,5,False
2018073S12057,ELIAKIM,2018,SI,15,2018-03-14 00:00:00,-12.9,56.6,landfall,2018-03-16 12:00:00,-15.8,50.2,5,-31.4,54.7,168,2731.4,60,ts,5,False
2025212N26130,BAILU,2025,WP,8,2025-08-02 00:00:00,27.3,136.9,closest_approach,2025-08-03 00:00:00,33.1,141.8,2,40.3,161.8,96,2792.6,35,ts,2,False
2011263N12323,OPHELIA,2011,NA,29,2011-09-20 12:00:00,11.9,-37.7,closest_approach,2011-10-03 12:00:00,47.4,-54.0,26,51.3,-31.9,336,8089.1,120,cat4,23,False
2021143N15090,YAAS,2021,NI,9,2021-05-23 00:00:00,15.5,90.0,landfall,2021-05-26 12:00:00,21.9,86.5,7,23.1,85.7,96,997.8,75,cat1,6,False
2022096N03150,MALAKAS,2022,WP,18,2022-04-07 00:00:00,3.7,148.4,closest_approach,2022-04-15 12:00:00,30.1,143.8,17,30.1,143.8,204,3914.0,90,cat2,14,False
2009104N13088,BIJLI,2009,NI,9,2009-04-14 00:00:00,12.6,87.7,landfall,2009-04-18 00:00:00,22.4,93.1,8,22.4,93.1,96,1592.5,40,ts,4,False
2018251N13343,HELENE,2018,NA,21,2018-09-07 12:00:00,13.4,-16.8,closest_approach,2018-09-07 12:00:00,13.4,-16.8,0,48.0,-12.5,240,6601.3,95,cat2,7,False
2018089S18172,JOSIE,2018,SP,11,2018-03-30 12:00:00,-18.1,172.2,closest_approach,2018-03-31 12:00:00,-18.6,175.9,2,-24.3,181.8,120,1343.8,40,ts,3,True
2020005S08133,CLAUDIA,2020,SI,29,2020-01-05 00:00:00,-8.6,133.7,landfall,2020-01-09 00:00:00,-12.0,134.1,8,-22.0,96.7,336,5359.0,80,cat1,17,False
2014279N11096,HUDHUD,2014,NI,15,2014-10-06 12:00:00,10.7,95.9,landfall,2014-10-12 12:00:00,18.0,82.8,12,21.4,81.4,168,2067.9,100,cat3,11,False
2026023S13120,LUANA,2026,SI,4,2026-01-23 00:00:00,-13.3,119.8,landfall,2026-01-24 12:00:00,-17.3,122.9,3,-17.3,122.9,36,558.4,54,ts,2,False
2015213S08169,UNNAMED,2016,SP,12,2015-08-01 00:00:00,-8.0,169.7,closest_approach,2015-08-06 12:00:00,-15.7,170.3,11,-15.7,170.3,132,1267.8,40,ts,3,False
2021323S10103,PADDY,2022,SI,12,2021-11-19 12:00:00,-10.5,103.7,closest_approach,2021-11-20 12:00:00,-10.7,105.5,2,-14.3,104.4,132,1035.9,45,ts,8,False
2019317N11248,RAYMOND,2019,EP,9,2019-11-13 12:00:00,11.3,-111.0,closest_approach,2019-11-17 12:00:00,18.4,-111.3,8,18.4,-111.3,96,1185.2,45,ts,5,False
2020213N15131,HAGUPIT,2020,WP,12,2020-07-31 12:00:00,17.7,129.7,landfall,2020-08-04 00:00:00,28.6,120.6,7,39.5,128.2,132,3090.9,70,cat1,6,False
2023156N12135,GUCHOL,2023,WP,17,2023-06-05 00:00:00,11.9,134.6,closest_approach,2023-06-13 00:00:00,33.7,144.0,16,33.7,144.0,192,3256.3,80,cat1,10,False
2016305N10147,MEARI,2016,WP,12,2016-11-02 00:00:00,12.3,138.4,closest_approach,2016-11-07 12:00:00,28.9,148.1,11,28.9,148.1,132,2261.9,75,cat1,7,False
2012325S09084,BOLDWIN,2013,SI,10,2012-11-21 00:00:00,-9.7,82.4,closest_approach,2012-11-21 00:00:00,-9.7,82.4,0,-14.9,73.4,108,1144.4,57,ts,7,False
2010255N13340,JULIA,2010,NA,25,2010-09-12 12:00:00,13.0,-21.3,closest_approach,2010-09-12 12:00:00,13.0,-21.3,0,30.9,-43.1,288,6170.4,120,cat4,6,False
2006093S15115,HUBERT,2006,SI,11,2006-04-03 00:00:00,-14.9,114.7,landfall,2006-04-08 00:00:00,-21.9,115.4,10,-21.9,115.4,120,1205.8,50,ts,7,False
2019040S17183,NEIL,2019,SP,4,2019-02-09 00:00:00,-16.6,-176.7,closest_approach,2019-02-09 00:00:00,-16.6,-176.7,0,-25.9,-173.0,36,1103.5,35,ts,1,False
2007225N12331,DEAN,2007,NA,20,2007-08-13 12:00:00,12.1,-30.7,landfall,2007-08-21 12:00:00,18.9,-88.7,16,20.5,-99.0,228,7400.2,145,cat5,10,False
2020261N10335,WILFRED,2020,NA,9,2020-09-17 00:00:00,10.2,-25.0,closest_approach,2020-09-17 00:00:00,10.2,-25.0,0,15.8,-46.7,96,2442.1,35,ts,2,False
2015183N13130,LINFA,2015,WP,16,2015-07-02 00:00:00,13.8,129.6,landfall,2015-07-05 00:00:00,17.6,121.9,6,22.9,114.4,180,2103.9,50,ts,12,False
2016240N13224,MADELINE,2016,EP,16,2016-08-27 00:00:00,13.9,-137.0,closest_approach,2016-09-01 00:00:00,18.1,-154.6,10,15.9,-168.5,180,3585.6,110,cat3,6,False
2006234N12258,ILEANA,2006,EP,16,2006-08-21 12:00:00,12.0,-101.8,closest_approach,2006-08-22 12:00:00,14.4,-106.1,2,23.8,-122.8,180,2605.1,105,cat3,4,False
2021133N10071,TAUKTAE,2021,NI,12,2021-05-13 12:00:00,10.2,71.3,landfall,2021-05-18 00:00:00,21.5,71.2,9,24.6,73.6,132,1770.1,100,cat3,7,False
2021038S14178,UNNAMED,2021,SP,10,2021-02-07 12:00:00,-14.4,178.5,closest_approach,2021-02-08 12:00:00,-17.3,179.9,2,-38.5,189.6,108,2920.7,50,ts,6,True
2019018S24033,DESMOND,2019,SI,6,2019-01-19 12:00:00,-23.9,37.8,landfall,2019-01-22 00:00:00,-18.3,36.0,5,-18.3,36.0,60,782.7,35,ts,2,False
2014212N11242,ISELLE,2014,EP,23,2014-07-30 12:00:00,11.3,-117.9,landfall,2014-08-08 12:00:00,19.2,-155.3,18,19.7,-165.8,264,5272.2,115,cat4,10,False
2011358S11132,GRANT,2012,SI,4,2011-12-24 12:00:00,-10.3,132.2,landfall,2011-12-25 12:00:00,-11.7,132.8,2,-12.5,132.7,36,289.9,55,ts,2,False
2025261N19312,GABRIELLE,2025,NA,22,2025-09-18 00:00:00,19.3,-48.9,landfall,2025-09-28 12:00:00,39.5,-7.4,21,39.5,-7.4,252,7190.0,120,cat4,10,False
2006276N18151,RUMBIA,2006,WP,7,2006-10-03 00:00:00,19.7,154.0,closest_approach,2006-10-06 00:00:00,26.7,151.7,6,26.7,151.7,72,862.9,45,ts,2,False
2023290N12256,NORMA,2023,EP,13,2023-10-17 12:00:00,12.7,-105.8,landfall,2023-10-22 00:00:00,23.6,-110.1,9,24.7,-107.9,144,1708.9,115,cat4,4,False
2014334N02156,HAGUPIT,2014,WP,25,2014-11-30 12:00:00,2.8,155.9,landfall,2014-12-08 12:00:00,13.8,121.3,16,8.4,108.6,288,5720.1,115,cat4,8,False
2024238N25077,ASNA,2024,NI,14,2024-08-27 12:00:00,23.8,70.9,landfall,2024-08-27 12:00:00,23.8,70.9,0,19.8,60.8,156,1298.0,40,ts,7,False
2015249N18142,ETAU,2015,WP,9,2015-09-05 12:00:00,17.9,141.5,closest_approach,2015-09-09 00:00:00,34.6,137.2,7,38.0,135.1,96,2388.5,50,ts,6,False
2021333N11146,NYATOH,2021,WP,12,2021-11-28 12:00:00,11.2,146.2,closest_approach,2021-12-04 00:00:00,28.2,146.5,11,28.2,146.5,132,3161.9,100,cat3,9,False
2021102N06144,SURIGAE,2021,WP,28,2021-04-11 12:00:00,5.5,143.8,closest_approach,2021-04-19 00:00:00,14.2,126.3,15,21.8,136.1,324,4168.2,120,cat4,13,False
2016313N11163,MA-ON,2016,WP,6,2016-11-08 12:00:00,12.3,161.6,closest_approach,2016-11-08 12:00:00,12.3,161.6,0,18.4,152.0,60,1261.3,35,ts,2,False
2006188N10143,BILIS,2006,WP,16,2006-07-07 00:00:00,9.6,143.2,landfall,2006-07-14 12:00:00,26.9,117.9,15,26.9,117.9,180,3342.0,60,ts,12,False
2011034S19199,ZAKA,2011,SP,10,2011-02-03 12:00:00,-19.8,197.9,closest_approach,2011-02-08 00:00:00,-34.6,180.2,9,-34.6,180.2,108,2816.3,50,ts,7,True
2016242N24279,HERMINE,2016,NA,22,2016-08-29 00:00:00,23.4,-82.4,landfall,2016-09-02 12:00:00,31.4,-82.8,9,40.6,-70.7,252,3771.8,70,cat1,8,False
2013271N21310,JERRY,2013,NA,17,2013-09-28 00:00:00,21.1,-50.0,closest_approach,2013-10-05 12:00:00,35.9,-30.7,15,38.0,-28.9,192,3067.5,45,ts,6,False
2022110S12051,JASMINE,2022,SI,21,2022-04-20 12:00:00,-11.9,50.2,landfall,2022-04-23 12:00:00,-16.0,40.1,5,-25.5,51.0,252,4103.0,60,ts,10,False
2020347S14190,ZAZU,2021,SP,9,2020-12-12 12:00:00,-14.7,-170.4,closest_approach,2020-12-12 12:00:00,-14.7,-170.4,0,-23.8,-167.0,96,1589.0,50,ts,5,False
2006271N26307,ISAAC,2006,NA,12,2006-09-28 00:00:00,26.8,-53.4,closest_approach,2006-10-03 00:00:00,47.6,-51.0,10,49.5,-47.0,132,3179.9,75,cat1,6,False
2022248N14259,KAY,2022,EP,18,2022-09-04 12:00:00,14.1,-100.9,closest_approach,2022-09-09 00:00:00,27.9,-114.6,9,27.4,-120.9,204,3530.3,85,cat2,6,False
2006322S09172,YANI,2007,SP,17,2006-11-19 00:00:00,-10.9,164.6,closest_approach,2006-11-19 12:00:00,-12.2,162.3,1,-14.1,158.8,192,1424.2,75,cat1,9,False
2012037S17176,CYRIL,2012,SP,7,2012-02-05 12:00:00,-17.0,176.0,closest_approach,2012-02-06 00:00:00,-17.2,179.9,1,-30.8,206.0,72,3502.0,50,ts,3,True
2020281N14126,LINFA,2020,WP,6,2020-10-09 00:00:00,12.9,117.1,landfall,2020-10-11 12:00:00,15.0,107.9,5,15.0,107.9,60,1026.1,45,ts,4,False
2024121S07047,HIDAYA,2024,SI,10,2024-04-30 00:00:00,-6.9,46.6,landfall,2024-05-04 12:00:00,-7.7,38.9,9,-7.7,38.9,108,1005.9,80,cat1,6,False
2012234N16315,ISAAC,2012,NA,24,2012-08-20 12:00:00,15.7,-44.8,landfall,2012-08-29 00:00:00,28.9,-89.4,17,37.8,-93.9,276,6372.3,70,cat1,17,False
2006272N13144,BEBINCA,2006,WP,6,2006-10-03 12:00:00,17.2,131.2,closest_approach,2006-10-06 00:00:00,29.2,138.7,5,29.2,138.7,60,1598.9,50,ts,3,False
2023234N18128,SAOLA,2023,WP,26,2023-08-22 00:00:00,18.2,128.0,landfall,2023-09-02 12:00:00,21.7,111.0,23,20.7,109.2,300,2962.4,105,cat3,16,False
2009221N10201,MAKA,2009,EP,20,2009-08-09 00:00:00,10.7,199.8,closest_approach,2009-08-09 00:00:00,10.7,199.8,0,16.0,170.7,228,3495.8,45,ts,14,True
2013130N04093,MAHASEN:VIYARU,2013,NI,14,2013-05-10 00:00:00,4.5,93.5,landfall,2013-05-16 12:00:00,24.1,92.5,13,24.1,92.5,156,2758.9,45,ts,11,False
2015157N13069,ASHOBAA,2015,NI,12,2015-06-06 12:00:00,13.8,68.6,closest_approach,2015-06-12 00:00:00,20.8,59.8,11,20.8,59.8,132,1416.2,45,ts,7,False
2014284N10231,ANA,2014,EP,33,2014-10-10 12:00:00,9.7,-128.7,closest_approach,2014-10-19 12:00:00,20.6,-159.6,18,41.2,-150.2,384,7615.9,70,cat1,15,False
2013255N19268,INGRID,2013,NA,10,2013-09-12 12:00:00,19.6,-92.9,landfall,2013-09-16 12:00:00,23.7,-97.8,8,23.7,-99.2,108,1081.9,75,cat1,5,False
2020279N11256,NORBERT,2020,EP,21,2020-10-05 00:00:00,11.2,-104.6,closest_approach,2020-10-15 00:00:00,25.0,-115.3,20,25.0,-115.3,240,2400.0,50,ts,3,False
2026005S10097,JENNA,2026,SI,9,2026-01-05 00:00:00,-10.7,97.6,closest_approach,2026-01-05 00:00:00,-10.7,97.6,0,-17.3,85.5,108,1771.4,89,cat2,3,False
2022257N16312,FIONA,2022,NA,27,2022-09-14 12:00:00,16.4,-49.1,landfall,2022-09-19 12:00:00,18.8,-68.9,10,63.3,-55.0,312,7638.2,115,cat4,14,False
2008329N09082,NISHA,2008,NI,8,2008-11-24 12:00:00,8.9,81.3,landfall,2008-11-25 00:00:00,9.1,80.9,1,12.5,76.4,84,737.9,45,ts,4,False
2024307N11232,LANE,2024,EP,5,2024-11-01 12:00:00,11.1,-127.6,closest_approach,2024-11-01 12:00:00,11.1,-127.6,0,11.1,-131.6,48,439.6,40,ts,2,False
2019335N05058,PAWAN,2019,NI,14,2019-12-01 00:00:00,4.8,57.6,landfall,2019-12-07 00:00:00,7.7,49.8,12,7.2,48.2,156,1522.7,40,ts,9,False
2025245N17255,LORENA,2025,EP,11,2025-09-02 00:00:00,16.9,-104.8,closest_approach,2025-09-03 12:00:00,21.9,-111.1,3,25.8,-116.5,120,1668.2,75,cat1,4,False
2017265N17257,PILAR,2017,EP,8,2017-09-22 00:00:00,16.7,-103.3,closest_approach,2017-09-24 12:00:00,20.0,-106.0,5,22.6,-107.0,84,793.2,45,ts,5,False
2024218N16247,EMILIA,2024,EP,13,2024-08-04 12:00:00,15.9,-112.9,closest_approach,2024-08-04 12:00:00,15.9,-112.9,0,24.6,-130.9,144,2555.8,60,ts,6,False
2014229N16246,LOWELL,2014,EP,24,2014-08-17 00:00:00,16.0,-113.7,closest_approach,2014-08-17 00:00:00,16.0,-113.7,0,30.8,-142.2,276,3450.3,65,cat1,9,False
2012017S10074,ETHEL,2012,SI,12,2012-01-18 00:00:00,-12.3,72.4,closest_approach,2012-01-21 00:00:00,-20.7,64.0,6,-33.2,71.3,132,3058.9,57,ts,5,False
2009082S15154,JASPER,2009,SP,5,2009-03-23 12:00:00,-15.9,156.6,closest_approach,2009-03-25 12:00:00,-21.3,163.7,4,-21.3,163.7,48,989.5,50,ts,1,False
2021222N12262,LINDA,2021,EP,30,2021-08-09 12:00:00,12.1,-98.2,closest_approach,2021-08-24 00:00:00,21.1,-157.4,29,21.1,-157.4,348,6520.1,115,cat4,10,False
2023170N11323,BRET,2023,NA,11,2023-06-19 12:00:00,10.9,-39.1,closest_approach,2023-06-24 12:00:00,13.0,-70.9,10,13.0,-70.9,120,3477.0,60,ts,6,False
2017228N14314,HARVEY,2017,NA,35,2017-08-16 12:00:00,13.7,-47.4,landfall,2017-08-22 12:00:00,19.4,-88.8,12,38.2,-84.7,408,7817.9,115,cat4,19,False
2016235N11341,GASTON,2016,NA,27,2016-08-21 12:00:00,11.0,-19.4,closest_approach,2016-08-21 12:00:00,11.0,-19.4,0,40.9,-26.1,312,7493.4,105,cat3,15,False
2026063S14151,UNNAMED,2026,SP,8,2026-03-04 00:00:00,-14.2,150.8,landfall,2026-03-06 12:00:00,-18.9,145.1,5,-19.5,140.6,84,1366.8,35,ts,0,False
2024295N15092,DANA,2024,NI,10,2024-10-21 12:00:00,15.2,92.1,landfall,2024-10-25 00:00:00,20.9,86.9,7,21.2,86.4,108,955.5,60,ts,6,False
2011010S17169,VANIA,2011,SP,10,2011-01-11 00:00:00,-18.2,170.0,closest_approach,2011-01-14 12:00:00,-21.7,166.8,7,-26.8,166.0,108,1126.2,55,ts,5,False
2014027S14155,DYLAN,2014,SP,6,2014-01-29 00:00:00,-16.1,151.1,landfall,2014-01-31 00:00:00,-21.3,147.9,4,-22.8,146.3,60,968.4,55,ts,3,False
2007291N19148,KAJIKI,2007,WP,8,2007-10-18 12:00:00,18.4,146.2,closest_approach,2007-10-21 00:00:00,27.9,143.9,5,35.4,157.6,84,3021.9,85,cat2,4,False
2013292N09162,LEKIMA,2013,WP,15,2013-10-19 12:00:00,9.2,162.4,closest_approach,2013-10-26 00:00:00,34.4,149.1,13,39.2,155.3,168,4669.7,115,cat4,7,False
2022246N18301,EARL,2022,NA,26,2022-09-03 00:00:00,18.3,-59.8,closest_approach,2022-09-04 12:00:00,19.8,-64.6,3,45.6,-36.1,300,5106.1,95,cat2,14,False
2008238N13293,GUSTAV,2008,NA,24,2008-08-25 00:00:00,13.5,-67.4,landfall,2008-08-27 00:00:00,18.4,-73.1,4,43.7,-83.8,276,5270.1,120,cat4,12,False
2008287N15291,OMAR,2008,NA,16,2008-10-13 12:00:00,15.2,-69.6,closest_approach,2008-10-16 00:00:00,16.7,-65.2,5,38.3,-43.3,180,3918.7,95,cat2,5,False
2019188N16245,COSME,2019,EP,9,2019-07-06 12:00:00,15.5,-114.9,closest_approach,2019-07-10 00:00:00,22.5,-121.3,7,22.6,-122.1,96,1152.0,45,ts,0,False
2015229N10331,DANNY,2015,NA,16,2015-08-17 00:00:00,9.6,-29.3,closest_approach,2015-08-24 12:00:00,15.8,-61.3,15,15.8,-61.3,180,3576.6,110,cat3,9,False
2008135N16125,MATMO,2008,WP,6,2008-05-14 00:00:00,16.1,124.5,closest_approach,2008-05-14 12:00:00,16.5,123.7,1,26.3,135.8,60,1803.9,45,ts,4,False
2009325N06148,NIDA,2009,WP,25,2009-11-21 12:00:00,5.8,148.3,closest_approach,2009-11-21 12:00:00,5.8,148.3,0,22.5,135.4,288,2745.5,115,cat4,9,False
2020015S12170,TINO,2020,SP,10,2020-01-15 00:00:00,-11.9,169.9,closest_approach,2020-01-17 12:00:00,-16.6,181.4,5,-29.3,194.8,108,3462.5,65,cat1,6,True
2017224N22293,GERT,2017,NA,14,2017-08-12 00:00:00,22.4,-66.8,closest_approach,2017-08-12 12:00:00,23.2,-68.7,1,48.8,-37.8,156,4758.3,90,cat2,10,False
2019359S08175,SARAI,2020,SP,18,2019-12-25 00:00:00,-8.0,175.4,closest_approach,2019-12-27 12:00:00,-18.7,176.1,5,-27.4,206.5,204,4648.9,60,ts,6,True
2026021S18159,UNNAMED,2026,SP,5,2026-01-21 00:00:00,-17.5,159.1,closest_approach,2026-01-22 00:00:00,-23.4,166.9,2,-25.9,177.0,48,2105.0,39,ts,1,False
2023020S18156,UNNAMED,2023,SP,9,2023-01-19 12:00:00,-18.2,156.1,closest_approach,2023-01-21 12:00:00,-22.2,163.7,4,-27.8,163.2,96,1587.0,40,ts,2,False
2022265N17256,NEWTON,2022,EP,16,2022-09-21 12:00:00,16.9,-104.3,closest_approach,2022-09-21 12:00:00,16.9,-104.3,0,13.9,-125.2,180,2506.2,55,ts,2,False
2013049N05131,SHANSHAN,2013,WP,7,2013-02-20 00:00:00,7.3,121.4,closest_approach,2013-02-20 00:00:00,7.3,121.4,0,4.0,109.3,72,1551.7,35,ts,4,False
2025259N13126,MITAG,2025,WP,7,2025-09-16 12:00:00,15.7,122.9,landfall,2025-09-17 00:00:00,16.7,121.6,1,23.1,114.9,72,1206.3,45,ts,5,False
2020339S09106,UNNAMED,2021,SI,14,2020-12-05 12:00:00,-8.8,106.2,landfall,2020-12-11 12:00:00,-22.8,121.1,12,-25.9,124.6,156,2912.8,45,ts,11,False
2016041S14170,WINSTON,2016,SP,38,2016-02-10 00:00:00,-14.2,169.8,closest_approach,2016-02-20 00:00:00,-17.1,180.0,20,-22.5,156.3,444,7850.2,150,cat5,20,True
2013255N20148,MAN-YI,2013,WP,10,2013-09-12 00:00:00,20.6,146.7,landfall,2013-09-16 00:00:00,35.2,137.7,8,41.3,144.7,108,3349.0,65,cat1,7,False
2009281N15144,NEPARTAK,2009,WP,12,2009-10-08 00:00:00,15.3,143.7,closest_approach,2009-10-13 00:00:00,28.6,150.3,10,31.5,155.2,132,2459.2,45,ts,8,False
2022338N05100,MANDOUS,2022,NI,14,2022-12-04 00:00:00,5.3,99.7,landfall,2022-12-10 00:00:00,12.8,79.8,12,12.9,78.8,156,2539.6,50,ts,9,False
2019260N10253,MARIO,2019,EP,17,2019-09-16 12:00:00,9.9,-107.0,closest_approach,2019-09-24 12:00:00,26.0,-114.1,16,26.0,-114.1,192,2236.3,60,ts,5,False
2015192N11263,DOLORES,2015,EP,23,2015-07-11 00:00:00,11.4,-96.6,closest_approach,2015-07-13 00:00:00,16.0,-103.5,4,30.4,-122.3,264,3915.0,110,cat3,9,False
2018265N35315,LESLIE,2018,NA,45,2018-09-22 00:00:00,35.0,-45.0,landfall,2018-10-14 00:00:00,41.1,-7.6,44,41.1,-7.6,528,10161.1,80,cat1,40,False
2017163N14265,CALVIN,2017,EP,4,2017-06-11 12:00:00,14.0,-94.7,landfall,2017-06-13 00:00:00,15.9,-95.7,3,15.9,-95.7,36,243.8,40,ts,3,False
2011192N18158,MA-ON,2011,WP,23,2011-07-11 00:00:00,18.1,158.4,landfall,2011-07-19 12:00:00,33.3,134.2,17,29.1,143.0,264,4768.9,95,cat2,11,False
2007213N13238,ERICK,2007,EP,4,2007-07-31 12:00:00,12.9,-122.5,closest_approach,2007-07-31 12:00:00,12.9,-122.5,0,13.3,-127.7,36,565.1,35,ts,1,False
2020277N21141,CHAN-HOM,2020,WP,20,2020-10-03 12:00:00,21.1,140.8,closest_approach,2020-10-10 00:00:00,32.0,135.7,13,28.6,144.0,228,2806.7,70,cat1,10,False
2022054S14085,UNNAMED,2022,SI,6,2022-02-25 00:00:00,-11.9,88.4,closest_approach,2022-02-26 12:00:00,-12.1,91.7,3,-14.6,87.5,60,1061.9,40,ts,2,False
2018153N12113,EWINIAR,2018,WP,13,2018-06-02 12:00:00,12.4,111.7,landfall,2018-06-06 00:00:00,20.5,110.5,7,23.4,112.6,144,1434.5,40,ts,10,False
2025329N05100,SENYAR,2025,NI,10,2025-11-25 12:00:00,5.0,99.0,landfall,2025-11-26 12:00:00,4.0,98.4,2,6.4,109.0,108,1463.8,40,ts,1,False
2006318N12256,SERGIO,2006,EP,14,2006-11-14 00:00:00,12.7,-104.0,closest_approach,2006-11-19 00:00:00,15.5,-104.9,10,14.8,-106.9,156,977.5,90,cat2,4,False
2018219N15237,KRISTY,2018,EP,13,2018-08-07 00:00:00,14.6,-123.6,closest_approach,2018-08-07 00:00:00,14.6,-123.6,0,22.4,-133.4,144,1754.5,60,ts,7,False
2016278N23300,NICOLE,2016,NA,31,2016-10-04 12:00:00,23.5,-60.3,closest_approach,2016-10-19 12:00:00,59.0,-36.5,30,59.0,-36.5,360,6387.8,115,cat4,17,False
2010203N22286,BONNIE,2010,NA,7,2010-07-22 12:00:00,21.7,-74.4,landfall,2010-07-25 12:00:00,29.8,-90.5,6,29.8,-90.5,72,1854.9,35,ts,1,False
2020355S11065,CHALANE,2021,SI,19,2020-12-22 00:00:00,-13.2,61.9,landfall,2020-12-27 00:00:00,-17.7,48.8,10,-19.7,28.2,216,3822.8,60,ts,16,False
2026158N10271,CRISTINA,2026,EP,9,2026-06-07 00:00:00,10.1,-88.7,closest_approach,2026-06-09 12:00:00,12.5,-87.5,5,12.8,-89.1,96,597.9,40,ts,3,False
2017171N24271,CINDY,2017,NA,9,2017-06-20 00:00:00,24.0,-89.2,landfall,2017-06-22 12:00:00,30.5,-93.8,5,37.7,-84.4,96,2159.7,50,ts,2,False
2013020S17124,PETA,2013,SI,11,2013-01-21 12:00:00,-19.0,121.2,landfall,2013-01-23 12:00:00,-21.7,117.3,4,-19.2,110.6,120,1503.3,35,ts,2,False
2015293N13266,PATRICIA,2015,EP,9,2015-10-20 12:00:00,13.3,-94.2,landfall,2015-10-24 00:00:00,19.6,-104.9,7,23.2,-102.3,96,2163.8,185,cat5,6,False
2022259N12265,LESTER,2022,EP,5,2022-09-15 12:00:00,12.4,-95.1,landfall,2022-09-17 12:00:00,15.8,-97.0,4,15.8,-97.0,48,500.5,35,ts,2,False
2021195N13249,FELICIA,2021,EP,18,2021-07-14 00:00:00,13.5,-110.6,closest_approach,2021-07-14 00:00:00,13.5,-110.6,0,13.3,-148.2,204,4135.7,125,cat4,7,False
2023334N08088,MICHAUNG,2023,NI,12,2023-11-30 12:00:00,8.2,87.2,landfall,2023-12-05 12:00:00,16.0,80.2,10,17.3,80.6,132,1382.4,55,ts,8,False
2020230N11264,GENEVIEVE,2020,EP,12,2020-08-16 12:00:00,11.3,-96.5,closest_approach,2020-08-20 12:00:00,22.9,-111.2,8,26.2,-116.2,132,2732.4,115,cat4,4,False
2016255N12114,RAI,2016,WP,5,2016-09-11 12:00:00,12.5,114.0,landfall,2016-09-13 00:00:00,15.9,107.4,3,16.1,104.7,48,1097.2,35,ts,3,False
2017240N31279,UNNAMED,2017,NA,4,2017-08-28 00:00:00,30.8,-80.6,closest_approach,2017-08-29 12:00:00,34.0,-77.8,3,34.0,-77.8,36,451.5,35,ts,1,False
2015211N13162,SOUDELOR,2015,WP,21,2015-07-30 00:00:00,13.7,160.7,landfall,2015-08-08 00:00:00,24.0,121.0,18,25.8,117.6,240,4817.2,115,cat4,10,False
2021295N09145,MALOU,2021,WP,15,2021-10-22 12:00:00,9.6,143.8,closest_approach,2021-10-29 00:00:00,29.8,144.6,13,33.9,149.9,168,3340.0,75,cat1,11,False
2024022S16058,CANDICE,2024,SI,10,2024-01-23 00:00:00,-17.4,60.6,closest_approach,2024-01-24 00:00:00,-20.0,57.6,2,-29.6,59.8,108,1781.8,55,ts,7,False
2009228N27277,CLAUDETTE,2009,NA,3,2009-08-16 12:00:00,28.2,-84.2,landfall,2009-08-17 12:00:00,31.5,-87.5,2,31.5,-87.5,24,485.7,45,ts,1,False
2014164N19116,HAGIBIS,2014,WP,9,2014-06-14 00:00:00,20.4,116.9,landfall,2014-06-15 12:00:00,23.3,116.6,3,30.8,137.9,96,2663.1,40,ts,6,False
2015274N13201,OHO,2015,EP,19,2015-10-01 12:00:00,13.0,-159.2,landfall,2015-10-10 12:00:00,63.0,-138.0,18,63.0,-138.0,216,6678.8,95,cat2,12,False
2018238N13239,MIRIAM,2018,EP,18,2018-08-25 12:00:00,12.8,-120.8,closest_approach,2018-09-03 00:00:00,26.8,-145.3,17,26.8,-145.3,204,3738.6,85,cat2,13,False
2008283N12271,ODILE,2008,EP,11,2008-10-08 12:00:00,11.7,-89.4,closest_approach,2008-10-12 00:00:00,17.8,-103.5,7,17.4,-105.0,120,1934.8,50,ts,4,False
2019067S11115,SAVANNAH,2019,SI,23,2019-03-11 12:00:00,-10.6,103.6,closest_approach,2019-03-11 12:00:00,-10.6,103.6,0,-18.5,80.0,264,3301.6,90,cat2,11,False
2020160N10133,NURI,2020,WP,14,2020-06-08 00:00:00,10.4,132.5,landfall,2020-06-14 12:00:00,23.2,109.7,13,23.2,109.7,156,2933.1,40,ts,10,False
2012092S16166,DAPHNE,2012,SP,6,2012-04-01 00:00:00,-15.5,166.1,closest_approach,2012-04-01 12:00:00,-16.4,167.9,1,-32.3,186.5,60,2805.0,55,ts,4,True
2023055S14184,JUDY,2023,SP,19,2023-02-24 00:00:00,-14.4,184.4,closest_approach,2023-02-28 12:00:00,-15.6,168.2,9,-29.1,197.9,216,5618.1,100,cat3,11,True
2018269S09157,LIUA,2019,SP,11,2018-09-25 12:00:00,-8.7,157.2,landfall,2018-09-27 00:00:00,-10.9,162.1,3,-11.5,153.5,120,1708.0,40,ts,3,False
2015236N12231,IGNACIO,2015,EP,32,2015-08-24 00:00:00,12.3,-129.5,closest_approach,2015-09-01 12:00:00,23.1,-153.3,17,52.0,-143.0,372,7722.2,120,cat4,12,False
2021265N11150,MINDULLE,2021,WP,20,2021-09-22 12:00:00,11.4,148.7,closest_approach,2021-10-01 12:00:00,35.6,143.9,18,39.5,147.7,228,4268.7,105,cat3,8,False
2017304N11127,DAMREY,2017,WP,8,2017-11-01 00:00:00,11.6,121.5,landfall,2017-11-04 00:00:00,12.6,109.2,6,12.4,106.5,84,1647.6,70,cat1,5,False
2020220N14128,JANGMI,2020,WP,7,2020-08-08 00:00:00,17.0,126.9,closest_approach,2020-08-10 12:00:00,37.1,129.9,5,42.8,135.9,72,3113.6,45,ts,3,False
2017127S18184,ELLA,2017,SP,17,2017-05-07 12:00:00,-17.3,184.8,closest_approach,2017-05-09 12:00:00,-15.0,186.8,4,-13.0,171.6,192,2186.9,60,ts,10,True
2010251N14337,IGOR,2010,NA,30,2010-09-08 12:00:00,13.8,-23.3,closest_approach,2010-09-21 12:00:00,44.8,-54.4,26,58.5,-51.0,348,8672.7,135,cat4,13,False
2010257N16282,KARL,2010,NA,9,2010-09-14 00:00:00,16.6,-79.8,landfall,2010-09-16 00:00:00,19.2,-90.1,4,18.7,-97.1,96,1901.7,110,cat3,7,False
2015030S16161,OLA,2015,SP,10,2015-01-30 00:00:00,-16.4,161.4,closest_approach,2015-02-01 00:00:00,-20.0,162.2,4,-29.4,162.7,108,1488.9,80,cat1,5,False
2010066S19050,HUBERT,2010,SI,6,2010-03-09 00:00:00,-19.4,50.7,landfall,2010-03-11 00:00:00,-20.8,48.3,4,-20.8,47.6,60,437.0,45,ts,4,False
2020092S09155,HAROLD,2020,SP,20,2020-04-01 00:00:00,-9.2,154.9,landfall,2020-04-06 00:00:00,-15.6,166.9,10,-33.1,205.9,228,6033.5,125,cat4,11,True
2008280N18268,MARCO,2008,NA,4,2008-10-06 00:00:00,18.5,-91.7,landfall,2008-10-07 12:00:00,19.9,-96.5,3,19.9,-96.5,36,533.9,55,ts,2,False
2025286N14320,LORENZO,2025,NA,5,2025-10-13 12:00:00,14.4,-40.6,closest_approach,2025-10-14 00:00:00,15.8,-42.4,1,21.1,-44.5,48,997.0,50,ts,1,False
2011337S13069,UNNAMED,2012,SI,19,2011-12-02 12:00:00,-12.5,69.3,closest_approach,2011-12-11 12:00:00,-16.3,59.8,18,-16.3,59.8,216,1804.4,35,ts,7,False
2012357N09064,UNNAMED,2012,NI,6,2012-12-22 12:00:00,8.9,62.6,closest_approach,2012-12-25 00:00:00,6.2,49.6,5,6.2,49.6,60,1478.8,35,ts,3,False
2019214N15134,LEKIMA,2019,WP,17,2019-08-03 12:00:00,15.1,132.3,landfall,2019-08-10 00:00:00,29.1,120.8,13,36.0,120.1,192,2756.1,105,cat3,10,False
2024225N14313,ERNESTO,2024,NA,18,2024-08-12 00:00:00,14.8,-49.8,closest_approach,2024-08-14 00:00:00,18.4,-64.9,4,48.3,-47.2,204,5880.4,85,cat2,8,False
2025161N15114,WUTIP,2025,WP,8,2025-06-10 12:00:00,15.1,114.1,closest_approach,2025-06-13 00:00:00,18.3,108.5,5,20.3,109.0,84,1003.7,55,ts,5,False
2022059S10106,UNNAMED,2022,SI,9,2022-02-27 12:00:00,-9.5,106.1,closest_approach,2022-03-03 00:00:00,-10.1,112.2,7,-11.2,113.6,96,922.1,35,ts,5,False
2007216N18138,PABUK,2007,WP,12,2007-08-04 12:00:00,18.3,137.8,closest_approach,2007-08-10 00:00:00,21.7,113.2,11,21.7,113.2,132,2772.6,65,cat1,6,False
2023302N10267,PILAR,2023,EP,21,2023-10-28 12:00:00,10.4,-92.6,closest_approach,2023-11-01 12:00:00,12.4,-90.1,8,13.4,-117.7,240,3753.4,55,ts,7,False
2018146N19273,ALBERTO,2018,NA,13,2018-05-25 12:00:00,18.8,-87.1,landfall,2018-05-29 00:00:00,30.9,-86.1,7,46.0,-83.3,144,3299.3,55,ts,5,False
2018288N17257,TARA,2018,EP,5,2018-10-14 12:00:00,17.0,-102.8,closest_approach,2018-10-16 12:00:00,18.7,-104.6,4,18.7,-104.6,48,293.0,55,ts,3,False
2017094S10115,ERNIE,2017,SI,13,2017-04-05 12:00:00,-11.8,111.8,closest_approach,2017-04-05 12:00:00,-11.8,111.8,0,-21.4,98.7,144,1918.1,120,cat4,4,False
2012189N10262,EMILIA,2012,EP,22,2012-07-07 12:00:00,9.8,-99.8,closest_approach,2012-07-18 00:00:00,14.7,-153.7,21,14.7,-153.7,252,5898.5,115,cat4,6,False
2008251N15256,LOWELL,2008,EP,11,2008-09-06 12:00:00,14.9,-104.3,landfall,2008-09-11 12:00:00,23.0,-109.7,10,23.0,-109.7,120,1630.2,45,ts,2,False
2021148N05142,CHOI-WAN,2021,WP,18,2021-05-28 00:00:00,4.8,142.1,closest_approach,2021-06-02 12:00:00,13.7,120.7,11,28.1,128.6,204,4780.1,40,ts,8,False
2013224N12220,UNALA,2013,EP,14,2013-08-12 12:00:00,12.0,219.4,closest_approach,2013-08-15 00:00:00,12.5,204.1,5,17.0,182.1,156,4158.7,35,ts,13,True
2016087S13073,UNNAMED,2016,SI,4,2016-03-28 12:00:00,-14.1,76.9,closest_approach,2016-03-28 12:00:00,-14.1,76.9,0,-23.6,81.5,36,1165.7,42,ts,2,False
2020224N11326,JOSEPHINE,2020,NA,12,2020-08-11 00:00:00,11.3,-35.4,closest_approach,2020-08-16 12:00:00,20.2,-64.5,11,20.2,-64.5,132,3332.7,40,ts,5,False
2006237N13298,ERNESTO,2006,NA,21,2006-08-25 00:00:00,13.0,-63.0,landfall,2006-08-28 12:00:00,20.0,-75.6,7,45.6,-75.8,240,4783.9,60,ts,14,False
2025042S22164,UNNAMED,2025,SP,4,2025-02-11 12:00:00,-23.0,164.7,closest_approach,2025-02-12 00:00:00,-23.6,166.6,1,-22.6,170.0,36,577.1,39,ts,1,False
2012006S15043,CHANDA,2012,SI,5,2012-01-07 12:00:00,-18.0,41.2,landfall,2012-01-09 00:00:00,-21.0,43.9,3,-22.1,43.8,48,580.5,37,ts,2,False
2025268N19306,HUMBERTO,2025,NA,15,2025-09-24 12:00:00,19.1,-53.6,closest_approach,2025-10-01 00:00:00,34.6,-69.0,13,36.1,-65.5,168,2945.2,140,cat5,7,False
2015288N10243,OLAF,2015,EP,28,2015-10-15 00:00:00,10.2,-117.0,closest_approach,2015-10-24 00:00:00,17.4,-146.1,18,26.2,-135.0,324,5540.8,130,cat4,11,False
2007314N10093,SIDR,2007,NI,12,2007-11-10 12:00:00,9.7,93.0,landfall,2007-11-16 00:00:00,23.8,91.0,11,23.8,91.0,132,1827.4,115,cat4,10,False
2013178N09133,RUMBIA,2013,WP,10,2013-06-27 12:00:00,9.0,131.4,landfall,2013-06-29 00:00:00,11.7,125.2,3,21.4,109.9,108,2726.2,50,ts,8,False
2022244N15254,JAVIER,2022,EP,14,2022-08-31 12:00:00,15.3,-106.0,closest_approach,2022-09-04 00:00:00,26.3,-116.6,7,27.4,-130.6,156,3097.3,45,ts,5,False
2008320N08122,NOUL,2008,WP,6,2008-11-15 00:00:00,8.4,120.5,landfall,2008-11-15 12:00:00,9.2,118.1,1,12.0,107.5,60,1481.7,40,ts,4,False
2015117S12115,QUANG,2015,SI,9,2015-04-27 12:00:00,-12.9,114.0,landfall,2015-05-01 12:00:00,-22.3,114.7,8,-22.3,114.7,96,1579.0,95,cat2,6,False
2024328S09096,ROBYN,2025,SI,7,2024-11-27 12:00:00,-12.9,91.3,closest_approach,2024-11-27 12:00:00,-12.9,91.3,0,-18.7,94.3,72,866.4,55,ts,2,False
2019182N18114,MUN,2019,WP,7,2019-07-01 12:00:00,17.9,114.0,landfall,2019-07-03 00:00:00,19.0,109.2,3,22.3,104.6,72,1144.7,35,ts,2,False
2012260N13237,LANE,2012,EP,10,2012-09-15 12:00:00,13.2,-122.8,closest_approach,2012-09-18 12:00:00,19.6,-128.4,6,21.0,-132.2,108,1427.4,75,cat1,5,False
2015231N13183,LOKE,2015,EP,16,2015-08-19 00:00:00,13.4,-176.8,closest_approach,2015-08-25 12:00:00,28.8,-173.1,13,34.5,-176.3,180,3084.5,65,cat1,12,False
2019215N13242,GIL,2019,EP,7,2019-08-03 00:00:00,13.5,-119.2,closest_approach,2019-08-03 00:00:00,13.5,-119.2,0,15.5,-130.8,72,1285.4,35,ts,2,False
2021280N14137,KOMPASU,2021,WP,11,2021-10-09 00:00:00,15.1,131.0,landfall,2021-10-13 12:00:00,18.9,109.4,9,19.1,107.6,120,2599.9,55,ts,6,False
2013257N15259,MANUEL,2013,EP,13,2013-09-13 12:00:00,15.3,-101.4,landfall,2013-09-15 12:00:00,18.2,-103.2,4,24.8,-108.0,144,1365.3,65,cat1,11,False
2007297N18300,NOEL,2007,NA,27,2007-10-24 00:00:00,18.0,-60.2,landfall,2007-10-30 12:00:00,20.8,-76.8,13,64.2,-50.4,312,7668.9,75,cat1,21,False
2022316N20167,YAMANEKO,2022,WP,6,2022-11-12 00:00:00,20.3,165.8,closest_approach,2022-11-14 12:00:00,26.0,166.6,5,26.0,166.6,60,676.0,35,ts,1,False
2009213N16130,GONI,2009,WP,14,2009-08-02 00:00:00,17.5,118.5,landfall,2009-08-05 12:00:00,22.1,112.2,7,18.1,108.4,156,1555.8,40,ts,5,False
2010241N25125,NAMTHEUN,2010,WP,6,2010-08-29 00:00:00,24.9,124.5,closest_approach,2010-08-31 12:00:00,25.1,119.7,5,25.1,119.7,60,551.0,35,ts,3,False
2014153N12267,BORIS,2014,EP,7,2014-06-01 12:00:00,11.7,-93.5,closest_approach,2014-06-04 12:00:00,15.8,-94.1,6,15.8,-94.1,72,481.8,35,ts,4,False
2020148N32281,BERTHA,2020,NA,3,2020-05-27 12:00:00,32.6,-79.5,landfall,2020-05-28 00:00:00,34.9,-80.7,1,39.9,-80.6,24,834.8,45,ts,0,False
2016270N15240,ROSLYN,2016,EP,11,2016-09-25 12:00:00,15.3,-119.7,closest_approach,2016-09-30 00:00:00,24.2,-116.0,9,24.3,-116.9,120,1307.5,45,ts,2,False
2016185N11253,BLAS,2016,EP,18,2016-07-03 00:00:00,11.1,-107.8,closest_approach,2016-07-03 00:00:00,11.1,-107.8,0,21.2,-140.2,204,3725.5,120,cat4,6,False
2018251N20122,BARIJAT,2018,WP,11,2018-09-08 12:00:00,20.7,122.2,closest_approach,2018-09-13 00:00:00,21.2,110.7,9,21.4,108.4,120,1664.4,40,ts,4,False
2026231N08155,SAUDEL,2026,WP,20,2026-08-18 12:00:00,7.9,154.9,landfall,2026-08-28 00:00:00,28.1,121.0,19,28.1,121.0,228,4384.9,109,cat3,9,False
2021262N10333,ROSE,2021,NA,11,2021-09-19 00:00:00,10.4,-27.4,closest_approach,2021-09-19 00:00:00,10.4,-27.4,0,27.8,-42.0,120,2558.2,50,ts,4,False
2023232N13300,FRANKLIN,2023,NA,42,2023-08-20 00:00:00,13.1,-62.1,landfall,2023-08-23 12:00:00,18.3,-71.1,7,44.1,-19.8,492,10299.8,130,cat4,18,False
2016257N27280,JULIA,2016,NA,16,2016-09-13 12:00:00,28.0,-80.7,landfall,2016-09-13 12:00:00,28.0,-80.7,0,35.6,-76.9,180,1866.2,45,ts,1,False
2026234N10255,ISELLE,2026,EP,12,2026-08-21 12:00:00,10.0,-105.0,closest_approach,2026-08-25 00:00:00,19.6,-118.2,7,22.8,-125.5,132,2636.9,60,ts,7,False
2013227N14337,ERIN,2013,NA,10,2013-08-15 00:00:00,13.9,-23.3,closest_approach,2013-08-15 00:00:00,13.9,-23.3,0,20.1,-42.0,108,2192.6,40,ts,4,False
2007313N16148,TAPAH,2007,WP,7,2007-11-09 12:00:00,17.0,146.0,closest_approach,2007-11-12 12:00:00,24.3,145.9,6,24.3,145.9,72,1495.2,35,ts,5,False
2019336S06055,BELNA,2020,SI,16,2019-12-03 12:00:00,-6.2,52.9,landfall,2019-12-10 00:00:00,-17.3,44.6,13,-20.5,45.1,180,2016.2,80,cat1,9,False
2023271N16316,RINA,2023,NA,8,2023-09-28 12:00:00,16.9,-45.1,closest_approach,2023-10-01 12:00:00,24.8,-54.4,6,26.7,-55.6,84,1564.4,45,ts,2,False
2026223N36297,CRISTOBAL,2026,NA,6,2026-08-11 00:00:00,36.7,-61.3,closest_approach,2026-08-11 00:00:00,36.7,-61.3,0,38.9,-37.4,60,2184.0,40,ts,3,False
2009279N15311,HENRI,2009,NA,12,2009-10-06 00:00:00,15.1,-49.2,closest_approach,2009-10-11 12:00:00,20.2,-71.7,11,20.2,-71.7,132,2511.4,45,ts,3,False
2023239N18144,HAIKUI,2023,WP,18,2023-08-27 12:00:00,18.3,144.0,landfall,2023-09-03 12:00:00,22.8,120.2,14,23.5,116.9,204,2945.5,80,cat1,13,False
2020296N09137,MOLAVE,2020,WP,15,2020-10-22 00:00:00,9.2,137.5,landfall,2020-10-28 12:00:00,15.4,107.4,13,15.5,105.0,168,3683.9,90,cat2,11,False
2006349N08157,TRAMI,2006,WP,6,2006-12-16 00:00:00,9.1,149.8,closest_approach,2006-12-18 12:00:00,15.8,134.2,5,15.8,134.2,60,1926.9,35,ts,3,False
2012177N11135,DOKSURI,2012,WP,10,2012-06-25 12:00:00,12.3,134.1,landfall,2012-06-30 00:00:00,22.3,112.0,9,22.3,112.0,108,2663.1,40,ts,6,False
2025052S23038,HONDE,2025,SI,17,2025-02-26 00:00:00,-23.0,38.4,closest_approach,2025-02-28 00:00:00,-25.6,43.1,4,-39.6,53.5,204,2510.9,65,cat1,4,False
2017104N08085,MAARUTHA,2017,NI,7,2017-04-14 00:00:00,8.2,85.3,landfall,2017-04-17 00:00:00,19.8,95.4,6,19.8,95.4,72,1691.0,40,ts,4,False
2024049S17052,ELEANOR,2024,SI,15,2024-02-18 12:00:00,-15.9,52.6,closest_approach,2024-02-22 12:00:00,-21.2,58.3,8,-21.3,52.1,168,2710.3,55,ts,8,False
2006025S18147,JIM,2006,SP,14,2006-01-27 00:00:00,-18.2,147.4,closest_approach,2006-01-27 00:00:00,-18.2,147.4,0,-29.8,173.2,156,3916.2,80,cat1,7,False
2015364S09190,ULA,2016,SP,30,2015-12-29 12:00:00,-9.4,189.5,closest_approach,2016-01-06 12:00:00,-19.9,175.9,16,-30.0,176.2,348,5046.3,110,cat3,24,True
2006192N13250,BUD,2006,EP,14,2006-07-11 00:00:00,13.2,-110.3,closest_approach,2006-07-11 00:00:00,13.2,-110.3,0,24.8,-144.8,156,3847.8,100,cat3,4,False
2026014N08133,NOKAEN,2026,WP,12,2026-01-15 00:00:00,9.3,129.6,closest_approach,2026-01-17 12:00:00,14.5,124.4,5,17.7,131.9,132,1823.3,40,ts,3,False
2011020S13182,WILMA,2011,SP,17,2011-01-20 12:00:00,-13.5,182.8,closest_approach,2011-01-28 12:00:00,-34.3,174.3,16,-34.3,174.3,192,4272.1,100,cat3,12,True
2013041S10087,GINO,2013,SI,14,2013-02-09 12:00:00,-9.6,87.0,closest_approach,2013-02-09 12:00:00,-9.6,87.0,0,-26.3,87.9,156,2829.4,75,cat1,8,False
2021346N05145,RAI,2021,WP,21,2021-12-11 12:00:00,5.3,145.0,landfall,2021-12-16 12:00:00,10.1,124.2,10,21.7,116.5,240,5116.0,105,cat3,15,False
2025248N18120,TAPAH,2025,WP,4,2025-09-06 12:00:00,18.3,115.6,closest_approach,2025-09-08 00:00:00,21.7,112.7,3,21.7,112.7,36,534.8,60,ts,3,False
2013227N08193,PEWA,2013,EP,21,2013-08-15 00:00:00,7.6,192.7,closest_approach,2013-08-15 00:00:00,7.6,192.7,0,28.4,166.9,240,3953.8,55,ts,6,True
2018208N13238,GILMA,2018,EP,11,2018-07-26 12:00:00,13.0,-121.6,closest_approach,2018-07-31 12:00:00,15.7,-148.8,10,15.7,-148.8,120,2961.3,35,ts,1,False
2018079S08137,NORA,2018,SP,9,2018-03-22 00:00:00,-9.9,136.1,landfall,2018-03-25 00:00:00,-16.2,141.5,6,-16.9,141.7,96,1103.8,85,cat2,3,False
2007033S12177,UNNAMED,2007,SP,8,2007-02-02 00:00:00,-11.8,176.5,closest_approach,2007-02-04 00:00:00,-15.6,178.1,4,-21.5,191.0,84,2030.1,35,ts,4,True
2023242N15339,KATIA,2023,NA,34,2023-08-30 00:00:00,14.9,-21.3,closest_approach,2023-08-30 00:00:00,14.9,-21.3,0,11.8,-48.8,396,5333.0,45,ts,7,False
2013180N11256,DALILA,2013,EP,20,2013-06-29 00:00:00,10.8,-104.6,closest_approach,2013-07-01 12:00:00,17.5,-105.5,5,17.1,-111.5,228,2006.6,70,cat1,8,False
2020205N26272,HANNA,2020,NA,8,2020-07-23 00:00:00,25.7,-88.3,landfall,2020-07-26 00:00:00,26.7,-97.6,6,26.2,-99.3,84,1141.7,75,cat1,6,False
2007255N13316,INGRID,2007,NA,13,2007-09-12 12:00:00,13.0,-44.3,closest_approach,2007-09-18 12:00:00,19.1,-62.0,12,19.1,-62.0,144,2040.1,40,ts,4,False
2012287N16147,MARIA,2012,WP,15,2012-10-13 00:00:00,16.3,146.7,closest_approach,2012-10-17 00:00:00,28.8,143.5,8,32.1,161.2,168,3617.1,50,ts,4,False
2018165N22117,GAEMI,2018,WP,7,2018-06-14 00:00:00,21.6,118.3,landfall,2018-06-15 00:00:00,22.8,120.4,2,28.5,132.1,72,1601.7,40,ts,4,False
2022065S16055,GOMBE,2022,SI,13,2022-03-06 00:00:00,-15.7,55.2,landfall,2022-03-08 00:00:00,-15.6,50.3,4,-15.1,37.3,144,1959.2,85,cat2,10,False
2009271N46317,GRACE,2009,NA,18,2009-09-28 00:00:00,45.3,-42.9,closest_approach,2009-10-06 12:00:00,50.4,-10.6,17,50.4,-10.6,204,4979.9,55,ts,14,False
2024218N14254,FABIO,2024,EP,6,2024-08-05 12:00:00,14.3,-106.2,closest_approach,2024-08-05 12:00:00,14.3,-106.2,0,18.8,-119.3,60,1682.1,55,ts,2,False
2020052S11181,WASI,2020,SP,7,2020-02-20 12:00:00,-10.6,-178.8,closest_approach,2020-02-22 00:00:00,-13.4,-173.2,3,-18.5,-170.4,72,1340.5,55,ts,3,False
2024012S12059,BELAL,2024,SI,18,2024-01-12 00:00:00,-12.7,58.2,closest_approach,2024-01-15 12:00:00,-21.4,56.2,7,-25.2,61.3,204,2894.4,75,cat1,5,False
2013272N26152,SEPAT,2013,WP,8,2013-09-29 12:00:00,26.2,149.7,closest_approach,2013-10-03 00:00:00,43.9,149.4,7,43.9,149.4,84,2704.1,40,ts,2,False
2012285N26288,PATTY,2012,NA,5,2012-10-11 00:00:00,25.4,-72.4,closest_approach,2012-10-12 12:00:00,25.3,-72.2,3,25.4,-71.9,48,105.1,40,ts,2,False
2018222N16147,LEEPI,2018,WP,12,2018-08-10 00:00:00,16.1,146.6,landfall,2018-08-15 12:00:00,35.8,129.4,11,35.8,129.4,132,2827.6,50,ts,7,False
2022038S19164,DOVI,2022,SP,12,2022-02-07 00:00:00,-19.3,164.0,closest_approach,2022-02-10 12:00:00,-23.1,166.9,7,-36.4,170.5,132,2654.5,90,cat2,8,False
2015238N10255,JIMENA,2015,EP,32,2015-08-25 12:00:00,9.7,-104.9,closest_approach,2015-09-10 00:00:00,24.7,-156.8,31,24.7,-156.8,372,6167.0,130,cat4,8,False
2023132S03090,FABIEN,2023,SI,27,2023-05-12 12:00:00,-2.4,87.4,closest_approach,2023-05-12 12:00:00,-2.4,87.4,0,-22.9,69.4,312,3786.8,90,cat2,9,False
2020257N16248,KARINA,2020,EP,11,2020-09-13 00:00:00,16.4,-112.6,closest_approach,2020-09-13 12:00:00,17.4,-114.5,1,23.6,-126.5,120,1711.5,50,ts,4,False
2023271N14144,KOINU,2023,WP,26,2023-09-27 12:00:00,14.2,143.8,landfall,2023-10-05 00:00:00,22.0,120.8,15,20.6,111.3,300,3827.5,90,cat2,11,False
2008033S11083,HONDO,2008,SI,47,2008-02-02 12:00:00,-11.0,83.3,closest_approach,2008-02-23 12:00:00,-20.7,56.0,42,-30.0,52.4,552,6777.8,115,cat4,10,False
2015152N12258,BLANCA,2015,EP,18,2015-05-31 12:00:00,12.0,-102.2,landfall,2015-06-08 12:00:00,24.7,-111.9,16,27.3,-113.5,204,2402.8,120,cat4,7,False
2008311N14278,PALOMA,2008,NA,17,2008-11-06 00:00:00,14.2,-82.0,landfall,2008-11-09 00:00:00,20.7,-78.0,6,26.8,-85.9,192,2424.7,125,cat4,5,False
2018271N06154,KONG-REY,2018,WP,20,2018-09-27 12:00:00,6.3,153.5,closest_approach,2018-10-07 00:00:00,42.1,140.9,19,42.1,140.9,228,6192.4,115,cat4,8,False
2024012S09093,ANGGREK,2024,SI,41,2024-01-11 12:00:00,-8.6,93.1,closest_approach,2024-01-11 12:00:00,-8.6,93.1,0,-33.8,87.0,480,5907.2,105,cat3,36,False
2007274N28173,HAIYAN,2007,WP,11,2007-10-02 12:00:00,28.4,167.7,closest_approach,2007-10-07 12:00:00,39.1,174.1,10,39.1,174.1,120,1846.6,40,ts,6,False
2007037S19050,ENOK,2007,SI,13,2007-02-06 00:00:00,-19.1,50.4,closest_approach,2007-02-07 12:00:00,-17.1,50.4,3,-23.6,64.4,144,2336.1,62,ts,8,False
2014093S11085,IVANOE,2014,SI,6,2014-04-04 00:00:00,-14.5,80.1,closest_approach,2014-04-04 00:00:00,-14.5,80.1,0,-30.1,88.8,60,2013.0,45,ts,3,False
2009246N18130,DUJUAN,2009,WP,14,2009-09-03 12:00:00,17.3,128.1,closest_approach,2009-09-08 12:00:00,31.7,142.5,10,42.9,163.7,156,4617.0,50,ts,3,False
2007052S10093,HUMBA,2007,SI,17,2007-02-21 00:00:00,-10.1,90.2,closest_approach,2007-02-21 00:00:00,-10.1,90.2,0,-29.2,79.3,192,3132.8,75,cat1,8,False
2022076S10126,CHARLOTTE,2022,SI,20,2022-03-17 00:00:00,-10.0,126.4,landfall,2022-03-17 12:00:00,-9.7,124.1,1,-27.4,109.1,228,3832.8,90,cat2,10,False
2017081S10096,CALEB,2017,SI,18,2017-03-22 00:00:00,-10.2,97.5,closest_approach,2017-03-22 12:00:00,-10.9,99.2,1,-16.2,89.9,204,1922.6,45,ts,5,False
2023231N15327,EMILY,2023,NA,14,2023-08-18 12:00:00,15.4,-32.9,closest_approach,2023-08-18 12:00:00,15.4,-32.9,0,31.4,-48.6,156,2699.5,45,ts,4,False
2018179N19134,PRAPIROON,2018,WP,16,2018-06-27 12:00:00,18.7,134.0,closest_approach,2018-07-05 00:00:00,41.3,139.5,15,41.3,139.5,180,3386.5,65,cat1,9,False
2008308N08252,POLO,2008,EP,6,2008-11-02 12:00:00,8.3,-108.0,closest_approach,2008-11-02 12:00:00,8.3,-108.0,0,9.7,-119.4,60,1270.3,40,ts,2,False
2019050N05163,WUTIP,2019,WP,22,2019-02-18 12:00:00,4.8,162.6,closest_approach,2019-02-20 12:00:00,5.1,152.6,4,19.1,134.4,252,3776.9,105,cat3,10,False
2008229N13147,NURI,2008,WP,15,2008-08-16 00:00:00,13.2,146.8,landfall,2008-08-22 12:00:00,22.5,114.1,13,23.1,112.7,168,3846.9,75,cat1,7,False
2019354N05151,PHANFONE,2019,WP,20,2019-12-19 12:00:00,5.0,151.4,closest_approach,2019-12-24 12:00:00,11.4,124.9,10,14.6,111.6,228,4613.0,75,cat1,10,False
2017360S15124,HILDA,2018,SI,11,2017-12-26 00:00:00,-14.6,123.8,landfall,2017-12-27 00:00:00,-16.9,122.8,2,-25.0,124.8,120,1310.0,50,ts,3,False
2016185N08145,NEPARTAK,2016,WP,14,2016-07-03 00:00:00,8.8,144.9,landfall,2016-07-08 00:00:00,22.6,120.6,10,25.2,118.0,156,3434.7,110,cat3,7,False
2011082S17184,BUNE,2011,SP,14,2011-03-22 12:00:00,-17.2,184.4,closest_approach,2011-03-23 12:00:00,-20.0,181.3,2,-32.7,184.2,156,2185.9,70,cat1,6,True
2024181N09320,BERYL,2024,NA,27,2024-06-28 12:00:00,8.9,-39.6,landfall,2024-07-05 12:00:00,20.4,-87.6,14,43.1,-78.6,312,9004.8,140,cat5,7,False
2019216N16147,KROSA,2019,WP,25,2019-08-04 00:00:00,15.5,146.6,closest_approach,2019-08-15 00:00:00,32.7,132.5,22,39.6,134.3,288,3583.4,75,cat1,9,False
2019224N18252,HENRIETTE,2019,EP,7,2019-08-12 00:00:00,18.8,-109.1,closest_approach,2019-08-12 12:00:00,19.7,-111.5,1,21.7,-118.0,72,1013.1,40,ts,1,False
2008257N28148,UNNAMED,2008,WP,5,2008-09-13 00:00:00,29.2,147.6,closest_approach,2008-09-13 12:00:00,31.7,147.7,1,40.8,159.3,48,1737.6,35,ts,3,False
2022284N15152,HAITANG,2022,WP,15,2022-10-11 12:00:00,15.7,151.9,closest_approach,2022-10-16 12:00:00,27.0,156.0,8,36.5,167.7,192,3525.3,40,ts,6,False
2005287S09084,UNNAMED,2006,SI,7,2005-10-14 00:00:00,-9.6,83.2,closest_approach,2005-10-14 00:00:00,-9.6,83.2,0,-15.0,77.3,72,949.4,40,ts,2,False
2010293N17277,RICHARD,2010,NA,14,2010-10-20 00:00:00,17.7,-83.2,landfall,2010-10-25 12:00:00,17.7,-90.0,11,20.1,-92.9,156,1855.1,85,cat2,10,False
2018365N08115,PABUK,2018,WP,16,2018-12-30 12:00:00,8.3,115.1,landfall,2019-01-04 12:00:00,8.3,99.8,10,12.3,91.0,180,2941.2,45,ts,9,False
2006364S12058,CLOVIS,2007,SI,13,2006-12-29 12:00:00,-12.1,57.8,landfall,2007-01-03 12:00:00,-20.7,48.4,10,-20.8,48.1,144,1485.4,60,ts,8,False
2007345N18298,OLGA,2007,NA,12,2007-12-10 12:00:00,18.3,-61.8,landfall,2007-12-12 00:00:00,19.0,-70.0,3,25.0,-87.2,132,3168.2,50,ts,3,False
2007196N11234,COSME,2007,EP,21,2007-07-14 12:00:00,11.2,-125.8,closest_approach,2007-07-21 00:00:00,16.5,-153.8,13,15.8,-178.3,240,5757.9,60,ts,4,False
2014034S14058,EDILSON,2014,SI,9,2014-02-04 12:00:00,-16.0,59.6,closest_approach,2014-02-06 00:00:00,-20.0,59.3,3,-35.1,52.4,96,2298.6,57,ts,4,False
2019290N11234,OCTAVE,2019,EP,9,2019-10-17 00:00:00,10.5,-125.6,closest_approach,2019-10-20 00:00:00,11.5,-125.7,6,10.6,-126.1,96,467.8,40,ts,3,False
2021262N16307,PETER,2021,NA,8,2021-09-19 00:00:00,16.4,-52.7,closest_approach,2021-09-21 12:00:00,19.8,-64.0,5,21.4,-66.4,84,1567.1,45,ts,2,False
2016256N20312,IAN,2016,NA,11,2016-09-12 00:00:00,20.0,-48.5,closest_approach,2016-09-16 00:00:00,41.2,-46.8,8,55.1,-30.3,120,4682.9,55,ts,9,False
2013251N13342,HUMBERTO,2013,NA,23,2013-09-08 00:00:00,13.0,-17.6,closest_approach,2013-09-08 00:00:00,13.0,-17.6,0,32.5,-44.3,264,4270.2,80,cat1,8,False
2026058S18168,URMIL,2026,SP,7,2026-02-27 00:00:00,-18.6,167.9,closest_approach,2026-02-27 00:00:00,-18.6,167.9,0,-31.5,188.0,72,2502.0,64,cat1,2,True
2017202N16116,SONCA,2017,WP,12,2017-07-20 12:00:00,16.1,116.0,landfall,2017-07-25 12:00:00,16.8,106.3,10,16.2,104.2,132,1370.5,40,ts,10,False
2015263N14148,DUJUAN,2015,WP,18,2015-09-21 00:00:00,15.1,144.5,landfall,2015-09-28 12:00:00,24.2,121.1,15,26.3,116.6,204,3225.5,110,cat3,12,False
2009017S15059,ERIC,2009,SI,12,2009-01-16 12:00:00,-15.4,59.5,closest_approach,2009-01-19 12:00:00,-19.1,49.3,6,-33.2,58.5,132,3233.3,50,ts,11,False
2013248N17255,LORENA,2013,EP,10,2013-09-04 12:00:00,17.1,-104.9,closest_approach,2013-09-08 00:00:00,24.2,-112.1,7,23.9,-112.8,108,1210.5,45,ts,4,False
2015323S05080,ANNABELLE,2016,SI,18,2015-11-19 00:00:00,-6.0,78.9,closest_approach,2015-11-19 00:00:00,-6.0,78.9,0,-23.5,77.1,204,3511.8,55,ts,9,False
2008278N13261,NORBERT,2008,EP,18,2008-10-04 00:00:00,13.5,-99.1,landfall,2008-10-12 12:00:00,28.3,-107.0,17,28.3,-107.0,204,3021.2,110,cat3,9,False
2007257N16134,WIPHA,2007,WP,12,2007-09-14 12:00:00,17.1,134.6,landfall,2007-09-19 00:00:00,27.8,119.7,9,35.1,120.5,132,2839.6,100,cat3,7,False
2013228N23124,TRAMI,2013,WP,15,2013-08-16 00:00:00,23.1,123.6,landfall,2013-08-22 00:00:00,26.0,118.4,12,27.6,113.5,168,2610.4,60,ts,10,False
2026063S12109,UNNAMED,2026,SI,5,2026-03-04 12:00:00,-11.3,110.2,closest_approach,2026-03-06 12:00:00,-15.9,120.9,4,-15.9,120.9,48,1518.7,39,ts,1,False
2016027S13119,STAN,2016,SI,8,2016-01-28 00:00:00,-15.5,118.1,landfall,2016-01-31 00:00:00,-21.2,120.0,6,-24.2,122.0,84,1108.2,50,ts,4,False
2016075S11087,EMERAUDE,2016,SI,13,2016-03-15 12:00:00,-11.3,86.4,closest_approach,2016-03-20 00:00:00,-10.7,87.5,9,-11.7,86.8,144,859.6,105,cat3,4,False
2017219N16279,FRANKLIN,2017,NA,8,2017-08-07 00:00:00,16.1,-82.7,landfall,2017-08-08 12:00:00,19.6,-88.9,3,19.8,-98.3,84,1766.3,75,cat1,6,False
2013134N07265,ALVIN,2013,EP,8,2013-05-13 12:00:00,6.7,-95.2,closest_approach,2013-05-13 12:00:00,6.7,-95.2,0,9.6,-110.1,84,1673.6,45,ts,6,False
2021029S16171,ANA,2021,SP,12,2021-01-28 12:00:00,-15.8,171.4,landfall,2021-01-31 00:00:00,-18.1,178.4,5,-27.8,187.6,132,2347.0,65,cat1,6,True
2020317S04092,ALICIA,2021,SI,18,2020-11-11 12:00:00,-3.7,91.6,closest_approach,2020-11-11 12:00:00,-3.7,91.6,0,-22.0,65.7,204,3652.3,65,cat1,9,False
2010020S08163,OLGA,2010,SP,18,2010-01-22 00:00:00,-13.5,156.9,landfall,2010-01-25 00:00:00,-18.3,144.4,6,-20.5,143.5,204,3556.7,50,ts,3,False
2023016S15160,IRENE,2023,SP,7,2023-01-17 00:00:00,-17.2,157.3,closest_approach,2023-01-18 12:00:00,-18.4,165.5,3,-28.0,179.1,72,2671.5,50,ts,4,False
2022126N07095,ASANI,2022,NI,16,2022-05-05 12:00:00,7.1,94.5,closest_approach,2022-05-11 12:00:00,16.1,81.3,12,14.7,81.0,180,2046.2,55,ts,7,False
2009215N13252,ENRIQUE,2009,EP,12,2009-08-03 00:00:00,12.5,-108.3,closest_approach,2009-08-03 00:00:00,12.5,-108.3,0,24.3,-129.9,132,2860.2,55,ts,3,False
2010151N14065,PHET,2010,NI,16,2010-05-30 12:00:00,14.4,65.0,landfall,2010-06-04 00:00:00,21.5,59.3,9,26.4,70.5,180,2492.1,85,cat2,6,False
2008058S15131,OPHELIA,2008,SI,20,2008-02-26 12:00:00,-14.8,131.4,landfall,2008-02-26 12:00:00,-14.8,131.4,0,-25.3,110.6,228,3076.9,55,ts,10,False
2013350S08099,BRUCE,2014,SI,18,2013-12-16 12:00:00,-8.2,98.1,closest_approach,2013-12-16 12:00:00,-8.2,98.1,0,-32.6,90.3,204,4782.1,120,cat4,9,False
2017347N11131,KAI-TAK,2017,WP,21,2017-12-13 12:00:00,11.5,128.4,landfall,2017-12-16 12:00:00,12.1,125.3,6,2.8,104.8,240,3038.2,40,ts,2,False
2006054S09082,CARINA,2006,SI,17,2006-02-22 12:00:00,-9.2,81.9,closest_approach,2006-02-22 12:00:00,-9.2,81.9,0,-19.5,77.7,192,1397.0,110,cat3,12,False
2019042S17162,OMA,2019,SP,36,2019-02-11 00:00:00,-16.5,161.7,closest_approach,2019-02-25 12:00:00,-22.2,167.1,29,-16.8,171.7,420,4645.5,70,cat1,17,False
2021335N08096,JAWAD,2021,NI,11,2021-12-01 00:00:00,7.8,95.7,closest_approach,2021-12-06 00:00:00,21.5,87.7,10,21.5,87.7,120,2258.0,40,ts,5,False
2007360S10116,MELANIE,2008,SI,14,2007-12-26 00:00:00,-9.5,115.7,closest_approach,2007-12-26 00:00:00,-9.5,115.7,0,-21.3,110.0,156,1900.0,60,ts,7,False
2025203N20124,CO-MAY,2025,WP,20,2025-07-23 00:00:00,18.8,120.0,landfall,2025-07-25 00:00:00,17.7,121.2,4,31.9,117.4,228,3610.6,60,ts,3,False
2021225N15313,GRACE,2021,NA,17,2021-08-13 12:00:00,15.2,-48.7,landfall,2021-08-19 12:00:00,20.2,-88.1,12,20.2,-98.0,192,5271.8,105,cat3,15,False
2006257N16259,LANE,2006,EP,8,2006-09-14 00:00:00,16.2,-101.7,landfall,2006-09-17 00:00:00,24.7,-107.3,6,26.0,-107.5,84,1345.5,110,cat3,5,False
2014245N19268,DOLLY,2014,NA,6,2014-09-01 12:00:00,19.2,-92.3,landfall,2014-09-03 12:00:00,21.8,-98.8,4,21.6,-101.0,60,1122.5,45,ts,2,False
2014066S15152,HADI,2014,SP,7,2014-03-09 00:00:00,-17.6,149.6,closest_approach,2014-03-10 00:00:00,-18.8,150.9,2,-15.5,154.6,72,841.8,40,ts,2,False
2021266N10327,SAM,2021,NA,29,2021-09-23 00:00:00,10.2,-34.4,closest_approach,2021-09-30 12:00:00,22.0,-59.6,15,55.2,-25.4,336,8712.2,130,cat4,6,False
2015194N13235,ENRIQUE,2015,EP,19,2015-07-12 12:00:00,13.1,-125.0,closest_approach,2015-07-13 12:00:00,15.6,-126.5,2,22.1,-137.6,216,2120.8,45,ts,5,False
2011073S11089,CHERONO,2011,SI,19,2011-03-14 00:00:00,-11.3,87.7,closest_approach,2011-03-21 00:00:00,-22.8,58.9,14,-28.1,59.7,216,4228.4,40,ts,8,False
2009215N10242,FELICIA,2009,EP,20,2009-08-03 00:00:00,9.7,-117.8,closest_approach,2009-08-12 12:00:00,20.8,-155.6,19,20.8,-155.6,228,4289.4,125,cat4,6,False
2018244N14252,OLIVIA,2018,EP,28,2018-09-01 00:00:00,14.3,-107.8,closest_approach,2018-09-13 00:00:00,20.5,-158.1,24,18.8,-165.9,324,6305.6,115,cat4,12,False
2024259N17126,SOULIK,2024,WP,4,2024-09-18 00:00:00,17.0,114.3,landfall,2024-09-19 12:00:00,16.8,106.5,3,16.8,106.5,36,837.9,35,ts,2,False
2009308N11279,IDA,2009,NA,14,2009-11-04 12:00:00,11.4,-81.8,landfall,2009-11-05 12:00:00,12.9,-83.6,2,30.6,-86.3,156,2493.2,90,cat2,9,False
2011140N08142,SONGDA,2011,WP,20,2011-05-20 00:00:00,8.4,141.1,closest_approach,2011-05-29 12:00:00,34.2,136.6,19,34.2,136.6,228,4621.8,105,cat3,13,False
2018073S09129,MARCUS,2018,SI,21,2018-03-15 00:00:00,-9.2,130.7,landfall,2018-03-16 12:00:00,-11.2,132.0,3,-28.8,108.4,240,4701.8,135,cat4,13,False
2006330S06049,ANITA,2007,SI,14,2006-11-27 12:00:00,-7.7,46.7,closest_approach,2006-11-29 12:00:00,-10.8,41.7,4,-20.3,40.6,156,1776.3,35,ts,6,False
2018218N18134,YAGI,2018,WP,17,2018-08-06 12:00:00,18.7,133.7,landfall,2018-08-13 00:00:00,30.7,119.2,13,37.7,117.4,192,3250.3,40,ts,10,False
2017152N14262,BEATRIZ,2017,EP,4,2017-05-31 12:00:00,13.8,-97.9,landfall,2017-06-02 00:00:00,15.7,-96.6,3,15.7,-96.6,36,254.9,40,ts,2,False
2016014S13195,VICTOR,2016,SP,18,2016-01-14 12:00:00,-13.6,-164.7,closest_approach,2016-01-17 00:00:00,-15.7,-166.6,5,-23.8,-176.6,204,2037.5,80,cat1,9,False
2015063S14042,UNNAMED,2015,SI,10,2015-03-04 12:00:00,-14.4,41.9,landfall,2015-03-09 00:00:00,-19.2,45.1,9,-19.2,45.1,108,955.7,35,ts,2,False
2016257N13341,KARL,2016,NA,27,2016-09-13 00:00:00,13.3,-19.3,closest_approach,2016-09-13 00:00:00,13.3,-19.3,0,45.0,-39.9,312,8401.4,60,ts,25,False
2008348S10077,CINDA,2009,SI,16,2008-12-13 12:00:00,-9.9,76.4,closest_approach,2008-12-21 00:00:00,-15.1,61.2,15,-15.1,61.2,180,2003.9,50,ts,10,False
2023349N04141,JELAWAT,2023,WP,9,2023-12-14 12:00:00,3.7,140.6,closest_approach,2023-12-18 00:00:00,7.3,126.7,7,7.3,125.8,96,1732.6,35,ts,6,False
2026051S15076,HORACIO,2026,SI,15,2026-02-20 00:00:00,-14.5,76.0,closest_approach,2026-02-24 00:00:00,-21.5,64.6,8,-32.3,69.0,168,2903.6,128,cat4,8,False
2022054S13100,VERNON,2022,SI,20,2022-02-24 00:00:00,-12.9,96.8,closest_approach,2022-02-24 00:00:00,-12.9,96.8,0,-31.4,79.5,228,3698.6,100,cat3,4,False
2021165N32282,BILL,2021,NA,5,2021-06-14 00:00:00,32.5,-77.1,closest_approach,2021-06-14 00:00:00,32.5,-77.1,0,42.5,-57.9,48,2022.0,55,ts,3,False
2019035S13070,FUNANI,2019,SI,12,2019-02-04 12:00:00,-14.0,68.2,closest_approach,2019-02-06 12:00:00,-17.4,64.4,4,-32.3,77.8,132,2781.5,105,cat3,6,False
2007261N13254,IVO,2007,EP,14,2007-09-18 12:00:00,13.2,-107.1,closest_approach,2007-09-24 12:00:00,22.0,-110.1,12,21.8,-109.6,156,1640.4,70,cat1,5,False
2019205N23137,NARI,2019,WP,8,2019-07-24 00:00:00,23.0,136.9,landfall,2019-07-27 00:00:00,34.7,136.4,6,36.0,138.2,84,1583.0,35,ts,3,False
2020092S12069,IRONDRO,2020,SI,13,2020-04-01 00:00:00,-12.3,69.4,closest_approach,2020-04-01 00:00:00,-12.3,69.4,0,-29.4,96.3,144,3506.2,95,cat2,7,False
2016183N13246,AGATHA,2016,EP,14,2016-07-01 12:00:00,13.7,-115.1,closest_approach,2016-07-01 12:00:00,13.7,-115.1,0,20.6,-141.5,156,2921.5,45,ts,4,False
2020019S11063,UNNAMED,2020,SI,10,2020-01-19 12:00:00,-10.5,63.3,closest_approach,2020-01-21 12:00:00,-17.4,67.4,4,-28.4,72.7,108,2263.9,45,ts,7,False
2014283N22299,FAY,2014,NA,7,2014-10-10 00:00:00,22.0,-61.2,closest_approach,2014-10-10 00:00:00,22.0,-61.2,0,33.9,-59.0,72,1876.4,70,cat1,5,False
2016203N10249,GEORGETTE,2016,EP,19,2016-07-21 00:00:00,9.5,-111.0,closest_approach,2016-07-21 00:00:00,9.5,-111.0,0,20.0,-139.6,216,3420.9,110,cat3,9,False
2017242N16333,IRMA,2017,NA,30,2017-08-30 00:00:00,16.1,-26.9,landfall,2017-09-11 00:00:00,26.8,-81.7,24,36.8,-90.1,348,7676.7,155,cat5,14,False
2012066S10101,JONI:KOJI,2012,SI,13,2012-03-06 12:00:00,-12.6,99.2,closest_approach,2012-03-06 12:00:00,-12.6,99.2,0,-29.0,82.6,144,3295.2,55,ts,6,False
2017201N23178,KULAP,2017,WP,15,2017-07-21 00:00:00,25.4,177.2,closest_approach,2017-07-26 12:00:00,30.1,148.7,11,27.1,149.2,168,3825.7,40,ts,2,False
2015259N09336,IDA,2015,NA,26,2015-09-15 12:00:00,9.4,-24.2,closest_approach,2015-09-15 12:00:00,9.4,-24.2,0,24.1,-49.3,300,4322.0,45,ts,12,False
2007244N12303,FELIX,2007,NA,13,2007-08-31 12:00:00,11.5,-56.6,landfall,2007-09-04 12:00:00,14.3,-83.2,8,17.2,-92.4,144,3950.5,150,cat5,5,False
2009342S09140,LAURENCE,2010,SI,25,2009-12-11 12:00:00,-11.9,131.6,landfall,2009-12-16 12:00:00,-16.3,124.0,10,-25.8,130.1,288,3329.5,110,cat3,9,False
2026225N23145,NANGKA,2026,WP,8,2026-08-12 12:00:00,23.0,144.8,closest_approach,2026-08-13 00:00:00,26.5,148.2,1,28.4,161.8,84,1909.0,35,ts,2,False
2013210N13122,JEBI,2013,WP,9,2013-07-30 12:00:00,14.4,117.3,landfall,2013-08-02 12:00:00,19.8,110.9,6,22.1,104.7,96,1649.8,50,ts,6,False
2019236N10314,DORIAN,2019,NA,32,2019-08-24 12:00:00,10.4,-47.5,landfall,2019-09-08 00:00:00,45.2,-62.9,29,51.6,-54.8,372,7595.6,155,cat5,16,False
2008169N08135,FENGSHEN,2008,WP,17,2008-06-17 12:00:00,7.8,134.6,landfall,2008-06-22 00:00:00,14.7,121.0,9,23.7,113.7,192,3062.9,90,cat2,7,False
2020233N14313,LAURA,2020,NA,19,2020-08-20 00:00:00,14.4,-47.3,landfall,2020-08-23 00:00:00,18.2,-68.8,6,37.5,-88.0,216,6372.2,130,cat4,14,False
2020318N16289,IOTA,2020,NA,13,2020-11-12 12:00:00,15.5,-70.9,landfall,2020-11-17 12:00:00,13.7,-84.7,10,13.7,-89.0,144,2061.5,135,cat4,8,False
2026170N12145,MEKKHALA,2026,WP,18,2026-06-19 00:00:00,12.9,143.1,closest_approach,2026-06-27 12:00:00,35.5,141.4,17,35.5,141.4,204,4711.0,124,cat4,7,False
2016323N13279,OTTO,2016,NA,18,2016-11-18 00:00:00,12.3,-81.3,landfall,2016-11-25 00:00:00,10.9,-84.9,14,9.1,-93.3,204,2174.8,100,cat3,13,False
2013052S13126,RUSTY,2013,SI,11,2013-02-23 00:00:00,-15.5,118.5,landfall,2013-02-27 12:00:00,-20.2,119.8,9,-21.2,120.5,120,749.8,90,cat2,8,False
2007133N15091,AKASH,2007,NI,5,2007-05-13 00:00:00,14.8,90.7,landfall,2007-05-15 00:00:00,23.0,92.4,4,23.0,92.4,48,930.6,45,ts,2,False
2025064S05095,IVONE,2025,SI,13,2025-03-08 12:00:00,-12.1,84.6,closest_approach,2025-03-14 12:00:00,-24.6,65.6,12,-24.6,65.6,144,2800.8,50,ts,4,False
2025173N30302,ANDREA,2025,NA,8,2025-06-22 00:00:00,30.0,-57.6,closest_approach,2025-06-25 00:00:00,38.2,-46.6,6,39.3,-42.2,84,1806.9,35,ts,3,False
2014271N10160,PHANFONE,2014,WP,18,2014-09-28 00:00:00,10.3,158.4,landfall,2014-10-06 00:00:00,34.9,138.4,16,39.0,147.1,204,5528.2,95,cat2,9,False
2016253N13144,MERANTI,2016,WP,14,2016-09-09 00:00:00,13.5,143.1,landfall,2016-09-15 00:00:00,25.2,117.6,12,27.2,117.1,156,3289.0,120,cat4,9,False
2015189N13223,ELA,2015,EP,11,2015-07-07 12:00:00,13.4,-136.9,closest_approach,2015-07-12 12:00:00,22.7,-155.8,10,22.7,-155.8,120,2319.0,40,ts,3,False
2016158N22272,COLIN,2016,NA,7,2016-06-05 12:00:00,21.6,-88.0,closest_approach,2016-06-05 12:00:00,21.6,-88.0,0,41.0,-61.0,72,3453.5,50,ts,5,False
2016265N10150,MEGI,2016,WP,13,2016-09-22 12:00:00,13.3,141.8,landfall,2016-09-27 12:00:00,24.0,120.5,10,25.3,116.4,144,3021.6,85,cat2,9,False
2008262N16142,HAGUPIT,2008,WP,16,2008-09-17 12:00:00,16.5,141.8,landfall,2008-09-24 00:00:00,21.5,110.8,13,22.4,106.3,180,4058.5,85,cat2,11,False
2025207N11219,IONA,2025,EP,14,2025-07-26 00:00:00,10.5,-140.9,closest_approach,2025-07-30 00:00:00,11.0,-156.4,8,13.8,-175.5,156,3799.9,115,cat4,7,False
2021099S15159,UNNAMED,2021,SP,6,2021-04-09 12:00:00,-16.9,161.1,closest_approach,2021-04-10 12:00:00,-21.7,165.4,2,-29.1,173.1,60,1829.2,40,ts,3,False
2020345S13183,UNNAMED,2021,SP,6,2020-12-10 00:00:00,-12.4,181.8,closest_approach,2020-12-12 00:00:00,-14.9,176.2,4,-15.9,173.3,60,1033.8,40,ts,4,True
2007240N17153,FITOW,2007,WP,21,2007-08-28 12:00:00,19.0,154.7,landfall,2007-09-07 00:00:00,37.2,139.8,19,41.3,140.2,240,4030.8,70,cat1,5,False
2010302S08098,ANGGREK,2011,SI,17,2010-10-29 12:00:00,-7.4,97.1,closest_approach,2010-10-29 12:00:00,-7.4,97.1,0,-21.5,89.4,192,2444.9,40,ts,6,False
2015188N08194,HALOLA,2015,EP,40,2015-07-07 00:00:00,7.6,193.6,landfall,2015-07-26 12:00:00,33.5,130.0,39,33.5,130.0,468,8363.2,80,cat1,30,True
2015301N11065,CHAPALA,2015,NI,15,2015-10-27 12:00:00,10.7,65.1,landfall,2015-11-03 12:00:00,14.1,47.4,14,14.1,47.4,168,2214.1,115,cat4,6,False
2014248N19129,FENGSHEN,2014,WP,9,2014-09-06 00:00:00,23.2,126.8,closest_approach,2014-09-09 00:00:00,32.5,142.7,6,35.8,152.6,96,2915.7,60,ts,5,False
2025219N13264,IVO,2025,EP,12,2025-08-06 12:00:00,13.0,-96.5,closest_approach,2025-08-07 12:00:00,17.2,-103.2,2,23.5,-121.0,132,2857.4,55,ts,5,False
2018229N11160,CIMARON,2018,WP,16,2018-08-17 00:00:00,12.3,158.6,closest_approach,2018-08-24 12:00:00,41.6,139.9,15,41.6,139.9,180,4676.7,85,cat2,11,False
2019260N20129,TAPAH,2019,WP,13,2019-09-17 00:00:00,20.1,128.8,closest_approach,2019-09-22 12:00:00,33.9,129.5,11,38.1,134.7,144,2558.3,65,cat1,8,False
2009235N14252,IGNACIO,2009,EP,12,2009-08-23 00:00:00,15.0,-109.0,closest_approach,2009-08-23 00:00:00,15.0,-109.0,0,29.3,-128.5,132,2801.2,45,ts,5,False
2009059S10101,GABRIELLE,2009,SI,10,2009-03-01 00:00:00,-10.9,101.2,closest_approach,2009-03-01 12:00:00,-12.0,103.6,1,-19.4,96.8,108,2187.1,35,ts,0,False
2012267N16141,EWINIAR,2012,WP,14,2012-09-23 12:00:00,16.5,140.1,closest_approach,2012-09-27 12:00:00,31.6,141.7,8,40.8,154.2,156,3425.7,50,ts,6,False
2008226N22134,VONGFONG,2008,WP,10,2008-08-13 00:00:00,22.6,133.5,closest_approach,2008-08-16 00:00:00,32.8,140.8,6,40.7,159.1,108,3378.1,50,ts,4,False
2016270N12223,ULIKA,2016,EP,16,2016-09-25 12:00:00,11.8,-137.4,closest_approach,2016-10-02 12:00:00,16.6,-153.6,14,15.4,-156.5,180,2900.6,65,cat1,6,False
2020138N28281,ARTHUR,2020,NA,9,2020-05-17 00:00:00,28.9,-78.0,closest_approach,2020-05-18 12:00:00,34.4,-75.9,3,32.8,-65.0,96,1973.4,55,ts,5,False
2017033S14056,CARLOS,2017,SI,22,2017-02-02 12:00:00,-13.7,55.6,closest_approach,2017-02-07 12:00:00,-19.9,54.6,10,-32.0,64.8,252,3450.4,65,cat1,14,False
2014066S09138,GILLIAN,2014,SP,44,2014-03-07 00:00:00,-9.3,138.0,landfall,2014-03-10 12:00:00,-14.2,141.5,7,-21.2,90.4,516,8103.8,115,cat4,34,False
2020313N08135,VAMCO,2020,WP,16,2020-11-08 12:00:00,9.5,133.3,landfall,2020-11-15 12:00:00,18.3,105.7,14,19.3,103.6,180,3481.2,85,cat2,11,False
2015282N11230,NORA,2015,EP,13,2015-10-09 12:00:00,10.8,-131.6,closest_approach,2015-10-15 12:00:00,16.4,-152.2,12,16.4,-152.2,144,2393.4,60,ts,5,False
2020258N11127,NOUL,2020,WP,10,2020-09-14 00:00:00,11.0,127.3,landfall,2020-09-18 12:00:00,16.2,103.9,9,16.2,103.9,108,2659.3,45,ts,7,False
2010019S11123,MAGDA,2010,SI,9,2010-01-19 00:00:00,-11.5,123.0,landfall,2010-01-22 00:00:00,-16.0,124.6,6,-18.3,124.0,96,890.2,65,cat1,4,False
2012277N12322,OSCAR,2012,NA,7,2012-10-02 12:00:00,12.4,-38.0,closest_approach,2012-10-02 12:00:00,12.4,-38.0,0,23.5,-37.8,72,1564.3,45,ts,4,False
2022058S17163,EVA,2022,SP,16,2022-02-27 00:00:00,-17.9,163.5,closest_approach,2022-03-01 00:00:00,-22.1,167.1,4,-26.6,171.0,180,2196.8,35,ts,9,False
2020069S11113,UNNAMED,2020,SI,10,2020-03-09 12:00:00,-11.1,113.8,landfall,2020-03-13 00:00:00,-22.8,114.5,7,-26.9,114.8,108,1969.1,45,ts,6,False
2017236N15129,PAKHAR,2017,WP,8,2017-08-24 00:00:00,15.3,128.8,landfall,2017-08-27 12:00:00,23.7,109.9,7,23.7,109.9,84,2294.5,55,ts,6,False
2020176N10228,BORIS,2020,EP,12,2020-06-24 12:00:00,10.2,-132.7,closest_approach,2020-06-30 00:00:00,9.4,-149.7,11,9.4,-149.7,132,1964.7,35,ts,3,False
2009219N19140,ETAU,2009,WP,15,2009-08-07 00:00:00,19.7,141.0,closest_approach,2009-08-10 12:00:00,32.1,135.8,7,36.4,153.0,168,3595.2,40,ts,6,False
2014190N08154,RAMMASUN,2014,WP,21,2014-07-10 00:00:00,8.8,152.1,landfall,2014-07-15 12:00:00,13.4,123.4,11,23.4,104.2,240,5661.4,90,cat2,17,False
2022254N24143,NANMADOL,2022,WP,17,2022-09-11 12:00:00,23.5,141.0,landfall,2022-09-18 12:00:00,31.9,130.5,14,36.5,134.4,192,2897.3,105,cat3,11,False
2006300N07078,UNNAMED,2006,NI,7,2006-10-27 12:00:00,8.6,78.4,landfall,2006-10-30 12:00:00,16.0,79.9,6,16.0,79.9,72,906.0,35,ts,4,False
2013196N14128,CIMARON,2013,WP,9,2013-07-15 00:00:00,14.3,127.0,landfall,2013-07-19 00:00:00,25.7,117.6,8,25.7,117.6,96,1745.7,40,ts,6,False
2007135N08147,YUTU,2007,WP,16,2007-05-15 00:00:00,7.8,146.7,closest_approach,2007-05-19 00:00:00,15.1,132.4,8,28.8,149.4,180,4267.7,95,cat2,11,False
2013293N13260,RAYMOND,2013,EP,25,2013-10-20 00:00:00,13.7,-100.5,closest_approach,2013-10-22 00:00:00,16.4,-101.9,4,21.0,-115.2,288,3024.1,105,cat3,3,False
2022037S10103,EMNATI,2022,SI,20,2022-02-15 12:00:00,-14.4,73.5,landfall,2022-02-23 00:00:00,-22.6,47.8,15,-30.0,41.5,228,4166.2,95,cat2,10,False
2026076S12157,NARELLE,2026,SP,23,2026-03-17 00:00:00,-12.3,156.6,landfall,2026-03-20 00:00:00,-13.4,143.0,6,-30.0,117.2,264,5892.4,124,cat4,5,False
2018195N19138,SON-TINH,2018,WP,22,2018-07-13 12:00:00,19.0,137.8,landfall,2018-07-18 00:00:00,18.8,109.5,9,21.9,109.9,252,4863.7,40,ts,8,False
2011197N31280,BRET,2011,NA,14,2011-07-16 12:00:00,30.3,-79.4,closest_approach,2011-07-17 00:00:00,29.3,-78.8,1,39.2,-60.1,156,2497.3,60,ts,5,False
2018111S07055,FAKIR,2018,SI,10,2018-04-21 12:00:00,-8.1,52.1,closest_approach,2018-04-23 00:00:00,-13.1,51.5,3,-27.9,61.8,108,2572.4,70,cat1,5,False
2007043S11071,FAVIO,2007,SI,24,2007-02-12 00:00:00,-10.7,70.7,landfall,2007-02-22 12:00:00,-21.7,35.1,21,-19.1,32.8,276,4890.4,100,cat3,17,False
2019057S13184,POLA,2019,SP,10,2019-02-25 12:00:00,-12.8,-176.1,closest_approach,2019-02-26 00:00:00,-14.9,-175.6,1,-28.3,-174.5,108,2038.2,90,cat2,5,False
2024139S02072,UNNAMED,2024,SI,7,2024-05-18 00:00:00,-2.1,72.7,closest_approach,2024-05-21 00:00:00,-3.3,79.7,6,-3.3,79.7,72,804.7,40,ts,2,False
2016318N18253,TINA,2016,EP,11,2016-11-13 12:00:00,17.7,-107.2,closest_approach,2016-11-14 00:00:00,18.3,-107.2,1,19.1,-114.7,120,877.6,35,ts,0,False
2022295N13093,SITRANG,2022,NI,6,2022-10-22 00:00:00,13.2,92.5,closest_approach,2022-10-24 12:00:00,20.8,90.1,5,20.8,90.1,60,1140.5,45,ts,5,False
2007127N36286,ANDREA,2007,NA,16,2007-05-06 12:00:00,35.5,-74.0,closest_approach,2007-05-11 12:00:00,28.8,-79.7,10,31.8,-69.4,180,2515.2,65,cat1,2,False
2008286N17109,UNNAMED,2008,WP,8,2008-10-12 00:00:00,16.8,109.3,landfall,2008-10-15 12:00:00,18.5,105.6,7,18.5,105.6,84,585.0,35,ts,5,False
2023251N16334,MARGOT,2023,NA,23,2023-09-07 12:00:00,15.5,-26.0,closest_approach,2023-09-07 12:00:00,15.5,-26.0,0,36.8,-43.6,264,4356.7,80,cat1,12,False
2017175N13264,DORA,2017,EP,15,2017-06-24 00:00:00,12.8,-96.5,closest_approach,2017-06-26 00:00:00,16.1,-103.8,4,19.9,-117.8,168,2599.6,85,cat2,5,False
2020263N21136,DOLPHIN,2020,WP,10,2020-09-19 12:00:00,21.7,135.1,closest_approach,2020-09-23 12:00:00,32.8,140.8,8,32.9,141.8,108,1605.4,60,ts,6,False
2017161N13119,MERBOK,2017,WP,7,2017-06-10 00:00:00,13.2,119.4,landfall,2017-06-13 00:00:00,23.9,114.8,6,23.9,114.8,72,1347.5,55,ts,5,False
2023239N21274,IDALIA,2023,NA,26,2023-08-26 12:00:00,20.8,-86.1,landfall,2023-08-30 12:00:00,30.0,-83.5,8,44.3,-59.3,300,5554.4,100,cat3,8,False
2019301N05081,MAHA,2019,NI,28,2019-10-28 12:00:00,4.8,80.0,closest_approach,2019-11-08 12:00:00,20.3,72.5,22,18.1,67.7,324,4171.0,100,cat3,14,False
2023138N05151,MAWAR,2023,WP,33,2023-05-18 00:00:00,5.4,150.9,closest_approach,2023-06-02 12:00:00,28.9,133.0,31,30.7,137.9,384,5580.6,115,cat4,15,False
2006007S15182,TAM,2006,SP,6,2006-01-11 12:00:00,-13.7,179.5,closest_approach,2006-01-12 00:00:00,-14.6,181.4,1,-27.1,192.1,60,2145.6,45,ts,3,True
2026238N17161,BANG-LANG,2026,WP,10,2026-08-26 12:00:00,17.2,161.0,closest_approach,2026-08-31 00:00:00,36.7,165.3,9,36.7,165.3,108,2719.4,74,cat1,6,False
2017232N19130,HATO,2017,WP,9,2017-08-20 12:00:00,19.6,126.7,landfall,2017-08-23 12:00:00,22.7,110.9,6,23.8,104.7,96,2339.5,75,cat1,5,False
2006074S13158,LARRY,2006,SP,10,2006-03-16 12:00:00,-14.1,159.8,landfall,2006-03-20 00:00:00,-17.6,145.4,7,-19.5,139.7,108,2354.5,100,cat3,6,False
2022180N15130,AERE,2022,WP,25,2022-06-29 00:00:00,15.4,130.3,landfall,2022-07-05 00:00:00,33.2,130.8,12,42.9,144.3,288,5054.0,45,ts,7,False
2007219N15130,WUTIP,2007,WP,5,2007-08-07 00:00:00,15.9,128.1,closest_approach,2007-08-09 00:00:00,23.2,121.6,4,23.2,121.6,48,1082.9,35,ts,2,False
2013362S09053,BEJISA,2014,SI,21,2013-12-27 12:00:00,-8.8,52.5,closest_approach,2014-01-02 12:00:00,-21.3,54.8,12,-37.0,42.6,240,3752.5,95,cat2,6,False
2023231N15313,GERT,2023,NA,34,2023-08-19 00:00:00,14.7,-46.6,closest_approach,2023-08-23 00:00:00,18.1,-60.2,8,39.4,-50.8,396,5250.3,50,ts,30,False
2009082S16039,IZILDA,2009,SI,13,2009-03-23 12:00:00,-19.1,41.1,closest_approach,2009-03-29 12:00:00,-20.3,35.0,12,-20.3,35.0,144,1448.7,57,ts,5,False
2011170N12263,BEATRIZ,2011,EP,7,2011-06-19 00:00:00,12.7,-98.1,closest_approach,2011-06-21 12:00:00,19.0,-105.0,5,19.0,-105.9,72,1137.8,70,cat1,4,False
2015273N12130,MUJIGAE,2015,WP,11,2015-09-30 00:00:00,11.9,130.3,landfall,2015-10-04 12:00:00,21.9,109.6,9,23.5,108.3,120,2704.5,85,cat2,8,False
2020346S13168,YASA,2021,SP,20,2020-12-11 12:00:00,-12.8,169.2,closest_approach,2020-12-17 12:00:00,-17.1,180.0,12,-24.9,180.8,228,2752.8,120,cat4,9,True
2021161N18115,KOGUMA,2021,WP,6,2021-06-10 12:00:00,17.8,114.8,landfall,2021-06-12 00:00:00,18.4,110.0,3,19.8,105.4,60,1036.4,35,ts,3,False
2025180N13261,FLOSSIE,2025,EP,13,2025-06-29 12:00:00,13.1,-99.6,closest_approach,2025-07-01 00:00:00,16.4,-103.9,3,24.1,-117.9,144,2293.9,100,cat3,5,False
2025219S07062,AWO,2026,SI,4,2025-08-07 00:00:00,-7.3,61.9,closest_approach,2025-08-08 00:00:00,-6.3,59.6,2,-5.6,59.7,36,361.6,35,ts,0,False
2008065S12096,KAMBA,2008,SI,13,2008-03-06 00:00:00,-12.3,91.9,closest_approach,2008-03-06 00:00:00,-12.3,91.9,0,-24.6,79.3,144,2476.6,100,cat3,9,False
2008083S12102,PANCHO,2008,SI,13,2008-03-24 00:00:00,-12.4,102.5,closest_approach,2008-03-29 12:00:00,-25.5,111.6,11,-26.0,111.3,144,1899.1,95,cat2,6,False
2010305N06105,JAL,2010,WP,15,2010-11-01 00:00:00,6.0,103.5,landfall,2010-11-08 00:00:00,14.2,78.9,14,14.2,78.9,168,2909.3,60,ts,11,False
2016215N16283,EARL,2016,NA,9,2016-08-02 12:00:00,16.3,-79.2,landfall,2016-08-04 12:00:00,17.4,-89.4,4,19.0,-97.5,96,1985.4,70,cat1,3,False
2012209N25149,DAMREY,2012,WP,12,2012-07-28 12:00:00,25.9,146.9,landfall,2012-08-03 00:00:00,35.9,118.2,11,35.9,118.2,132,3071.0,65,cat1,9,False
2018010S10069,BERGUITTA,2018,SI,21,2018-01-11 12:00:00,-13.9,69.0,closest_approach,2018-01-18 00:00:00,-20.1,58.5,13,-33.8,52.6,240,3660.9,90,cat2,8,False
2010240N15142,KOMPASU,2010,WP,13,2010-08-28 00:00:00,15.8,140.9,landfall,2010-09-02 00:00:00,38.1,127.2,10,41.4,137.4,144,4172.9,80,cat1,6,False
2022207N11262,FRANK,2022,EP,20,2022-07-25 12:00:00,11.0,-98.0,closest_approach,2022-07-25 12:00:00,11.0,-98.0,0,29.9,-127.4,228,4067.0,80,cat1,10,False
2021334S07101,TERATAI,2022,SI,23,2021-11-29 12:00:00,-6.7,101.1,closest_approach,2021-12-06 12:00:00,-9.0,104.5,14,-16.1,98.5,264,3456.1,40,ts,3,False
2022148N13263,AGATHA,2022,EP,9,2022-05-28 00:00:00,12.8,-97.7,landfall,2022-05-31 00:00:00,15.9,-96.4,6,18.0,-94.7,96,865.4,95,cat2,4,False
2011103S12126,ERROL,2011,SI,10,2011-04-13 12:00:00,-12.1,125.8,landfall,2011-04-18 00:00:00,-9.8,124.3,9,-9.8,124.3,108,508.3,65,cat1,5,False
2006329N06150,DURIAN,2006,WP,31,2006-11-24 12:00:00,6.1,149.8,landfall,2006-11-30 12:00:00,13.5,122.4,12,11.5,83.3,360,7618.0,105,cat3,10,False
2018060S13057,DUMAZILE,2018,SI,15,2018-03-01 12:00:00,-13.4,55.6,closest_approach,2018-03-04 12:00:00,-18.7,50.8,6,-31.1,59.8,168,2801.0,90,cat2,8,False
2026152N08237,AMANDA,2026,EP,16,2026-05-31 12:00:00,8.0,-123.0,closest_approach,2026-05-31 12:00:00,8.0,-123.0,0,11.3,-136.0,180,1688.2,40,ts,9,False
2013206N15238,FLOSSIE,2013,EP,12,2013-07-25 00:00:00,14.9,-121.8,closest_approach,2013-07-30 12:00:00,22.3,-159.4,11,22.3,-159.4,132,4084.5,60,ts,5,False
2024246N22147,LEEPI,2024,WP,10,2024-09-02 12:00:00,24.0,146.8,closest_approach,2024-09-05 12:00:00,33.9,146.0,6,40.6,155.2,108,2234.2,35,ts,5,False
2026222N15223,LALA,2026,EP,37,2026-08-10 00:00:00,14.5,-137.3,closest_approach,2026-08-16 00:00:00,18.3,-155.7,12,37.7,-179.0,432,5964.8,110,cat3,19,False
2024314N07151,USAGI,2024,WP,14,2024-11-10 00:00:00,9.2,146.2,landfall,2024-11-16 00:00:00,22.5,120.3,12,22.0,120.4,156,3448.6,95,cat2,8,False
2018226N23128,RUMBIA,2018,WP,9,2018-08-14 00:00:00,23.3,128.2,landfall,2018-08-17 00:00:00,31.1,120.5,6,32.3,115.4,96,1771.8,45,ts,5,False
2022221N24149,MEARI,2022,WP,9,2022-08-10 00:00:00,26.1,140.1,landfall,2022-08-13 12:00:00,35.8,140.2,7,39.2,144.8,96,2026.0,40,ts,5,False
2023194N16123,TALIM,2023,WP,11,2023-07-14 00:00:00,17.9,121.3,landfall,2023-07-14 00:00:00,17.9,121.3,0,22.8,104.4,120,1894.4,60,ts,6,False
2018306N14249,XAVIER,2018,EP,15,2018-11-02 00:00:00,13.7,-111.0,closest_approach,2018-11-05 00:00:00,18.2,-105.5,6,17.3,-115.7,168,2014.6,55,ts,5,False
2018351S09059,CILIDA,2019,SI,18,2018-12-17 00:00:00,-9.3,59.8,closest_approach,2018-12-23 00:00:00,-19.8,60.0,12,-30.3,70.0,204,3044.5,110,cat3,10,False
2019181N10252,BARBARA,2019,EP,16,2019-06-30 12:00:00,10.5,-109.7,closest_approach,2019-07-08 00:00:00,17.2,-148.8,15,17.2,-148.8,180,4407.1,135,cat4,5,False
2020202N15241,DOUGLAS,2020,EP,21,2020-07-20 00:00:00,14.7,-118.8,closest_approach,2020-07-27 12:00:00,22.7,-159.7,15,25.0,-178.1,240,6568.4,115,cat4,8,False
2024213N14254,CARLOTTA,2024,EP,16,2024-07-31 12:00:00,15.0,-106.7,closest_approach,2024-08-01 00:00:00,16.4,-108.4,1,19.6,-134.2,180,3029.7,80,cat1,5,False
2017212N28275,EMILY,2017,NA,5,2017-07-31 00:00:00,28.0,-84.6,landfall,2017-08-01 00:00:00,27.5,-81.3,2,30.7,-78.1,48,816.8,45,ts,1,False
2012296N20309,TONY,2012,NA,10,2012-10-22 00:00:00,20.4,-51.2,closest_approach,2012-10-26 12:00:00,30.9,-28.6,9,30.9,-28.6,108,2885.9,45,ts,5,False
2016108S17181,AMOS,2016,SP,14,2016-04-17 12:00:00,-16.5,-178.4,closest_approach,2016-04-23 12:00:00,-13.5,-171.7,12,-13.8,-170.2,156,1860.0,80,cat1,10,False
2014180N14255,DOUGLAS,2014,EP,21,2014-06-29 00:00:00,14.7,-106.9,closest_approach,2014-06-29 00:00:00,14.7,-106.9,0,26.9,-126.6,240,2539.6,45,ts,6,False
2023217N15256,EUGENE,2023,EP,11,2023-08-05 00:00:00,16.3,-104.3,closest_approach,2023-08-06 12:00:00,21.3,-110.6,3,27.7,-121.1,120,2481.8,60,ts,3,False
2025339S14210,UNNAMED,2026,SP,3,2025-12-05 00:00:00,-13.9,-149.7,closest_approach,2025-12-05 00:00:00,-13.9,-149.7,0,-18.7,-147.0,24,614.9,39,ts,1,False
2025172N21147,SEPAT,2025,WP,8,2025-06-22 12:00:00,23.2,145.9,closest_approach,2025-06-26 00:00:00,35.8,141.4,7,35.8,141.4,84,1636.8,35,ts,1,False
2011188N14261,CALVIN,2011,EP,15,2011-07-07 00:00:00,13.6,-99.1,closest_approach,2011-07-07 12:00:00,14.8,-101.4,1,17.2,-120.2,168,2465.3,70,cat1,4,False
2012032S15141,JASMINE,2012,SP,28,2012-02-03 00:00:00,-15.8,147.4,closest_approach,2012-02-03 00:00:00,-15.8,147.4,0,-24.7,184.4,324,5036.7,105,cat3,10,True
2026231N10228,MOKE,2026,EP,14,2026-08-18 12:00:00,9.5,-132.5,closest_approach,2026-08-24 00:00:00,15.2,-156.7,11,15.8,-162.5,156,3385.7,45,ts,8,False
2025032S14120,TALIAH,2025,SI,36,2025-02-02 00:00:00,-14.4,116.9,closest_approach,2025-02-02 12:00:00,-14.3,116.4,1,-30.3,75.1,420,5460.0,75,cat1,4,False
2021296N13260,RICK,2021,EP,7,2021-10-22 12:00:00,12.7,-100.3,landfall,2021-10-25 12:00:00,18.1,-102.1,6,18.1,-102.1,72,681.2,85,cat2,6,False
2006283N13232,OLIVIA,2006,EP,10,2006-10-10 00:00:00,13.3,-127.7,closest_approach,2006-10-14 12:00:00,15.3,-114.4,9,15.3,-114.4,108,1674.0,40,ts,1,False
2015266N11214,NIALA,2015,EP,15,2015-09-23 12:00:00,11.4,-146.6,closest_approach,2015-09-28 00:00:00,15.7,-155.2,9,14.2,-161.6,168,2039.9,50,ts,6,False
2019308N13114,NAKRI,2019,WP,13,2019-11-05 00:00:00,13.7,114.9,landfall,2019-11-11 00:00:00,13.0,108.6,12,13.0,108.6,144,1229.1,65,cat1,7,False
2006040S15181,VAIANU,2006,SP,14,2006-02-11 00:00:00,-16.0,-174.5,closest_approach,2006-02-11 00:00:00,-16.0,-174.5,0,-31.4,-165.3,156,2376.6,70,cat1,5,False
2007274N18131,KROSA,2007,WP,14,2007-10-01 12:00:00,17.3,130.7,landfall,2007-10-07 12:00:00,27.4,120.2,12,27.8,120.2,156,1890.6,105,cat3,8,False
2017043S19040,DINEO,2017,SI,10,2017-02-12 00:00:00,-19.6,40.2,landfall,2017-02-16 00:00:00,-23.3,34.3,8,-22.7,32.6,108,1071.7,65,cat1,7,False
2023261N13248,KENNETH,2023,EP,14,2023-09-18 00:00:00,13.2,-111.7,closest_approach,2023-09-18 00:00:00,13.2,-111.7,0,23.5,-128.1,156,2497.9,45,ts,5,False
2022254N21158,MERBOK,2022,WP,11,2022-09-10 12:00:00,20.8,158.1,closest_approach,2022-09-15 12:00:00,45.3,167.8,10,45.3,167.8,120,3194.7,70,cat1,8,False
2013282N14132,NARI,2013,WP,15,2013-10-08 12:00:00,14.0,131.6,landfall,2013-10-15 00:00:00,15.8,108.2,13,15.4,106.2,168,2774.4,75,cat1,9,False
2008037S10055,IVAN,2008,SI,30,2008-02-05 12:00:00,-10.4,55.2,landfall,2008-02-17 12:00:00,-17.3,48.9,24,-22.6,43.0,348,4152.7,100,cat3,23,False
2017332S08098,DAHLIA,2018,SI,18,2017-11-28 12:00:00,-8.3,99.6,closest_approach,2017-11-30 12:00:00,-9.3,107.4,4,-14.2,113.0,204,2684.9,50,ts,5,False
2011199N10271,DORA,2011,EP,17,2011-07-18 00:00:00,10.2,-89.0,closest_approach,2011-07-26 00:00:00,26.3,-114.8,16,26.3,-114.8,192,3482.8,135,cat4,7,False
2012215N12313,ERNESTO,2012,NA,18,2012-08-01 12:00:00,11.6,-46.7,landfall,2012-08-08 12:00:00,18.8,-89.6,14,18.0,-96.0,204,5414.7,80,cat1,13,False
2026182N09163,BAVI,2026,WP,28,2026-07-01 00:00:00,8.7,163.3,landfall,2026-07-12 00:00:00,29.9,119.5,22,38.5,124.8,324,6804.3,154,cat5,9,False
2025362S13120,HAYLEY,2026,SI,6,2025-12-28 12:00:00,-13.6,119.4,landfall,2025-12-31 00:00:00,-16.9,125.4,5,-16.9,125.4,60,851.8,89,cat2,3,False
2018025S09080,CEBILE,2018,SI,31,2018-01-25 12:00:00,-9.7,80.7,closest_approach,2018-02-09 12:00:00,-29.0,71.5,30,-29.0,71.5,360,4365.8,95,cat2,6,False
2020239N15243,ISELLE,2020,EP,12,2020-08-26 00:00:00,15.1,-117.4,closest_approach,2020-08-31 12:00:00,24.8,-113.2,11,24.8,-113.2,132,1190.9,50,ts,5,False
2020202N15234,UNNAMED,2020,EP,5,2020-07-19 12:00:00,15.2,-126.4,closest_approach,2020-07-20 00:00:00,17.0,-128.0,1,19.3,-133.5,48,915.7,35,ts,2,False
2007272N17125,LEKIMA,2007,WP,10,2007-09-29 12:00:00,16.0,118.8,landfall,2007-10-03 12:00:00,17.9,106.5,8,17.8,103.9,108,1759.1,60,ts,5,False
2015068S14113,OLWYN,2015,SI,9,2015-03-10 00:00:00,-13.7,115.6,landfall,2015-03-13 12:00:00,-26.1,113.9,7,-29.2,115.6,96,1823.2,75,cat1,6,False
2012209N11131,SAOLA,2012,WP,16,2012-07-27 00:00:00,11.0,129.7,landfall,2012-08-03 00:00:00,26.9,119.9,14,27.7,117.3,180,2427.7,70,cat1,11,False
2026238N10223,LOWELL,2026,EP,33,2026-08-26 00:00:00,10.2,-136.4,closest_approach,2026-09-08 12:00:00,23.0,-160.7,27,29.0,-169.5,384,6286.0,135,cat4,16,False
2021062S18040,IMAN,2021,SI,11,2021-03-04 00:00:00,-16.9,40.4,landfall,2021-03-05 12:00:00,-18.1,44.7,3,-27.8,63.9,120,2740.3,43,ts,7,False
2015309N14067,MEGH,2015,NI,13,2015-11-04 12:00:00,14.0,66.9,landfall,2015-11-10 12:00:00,13.7,46.6,12,13.7,46.6,144,2288.5,90,cat2,8,False
2011126N11129,AERE,2011,WP,13,2011-05-06 00:00:00,11.1,128.9,landfall,2011-05-08 00:00:00,14.0,124.2,4,31.2,134.5,144,3106.1,40,ts,5,False
2013220N12137,UTOR,2013,WP,15,2013-08-08 12:00:00,12.3,136.6,landfall,2013-08-12 00:00:00,16.6,120.8,7,24.1,111.1,168,3269.0,105,cat3,6,False
2023156N10067,BIPARJOY,2023,NI,25,2023-06-05 00:00:00,10.3,66.7,landfall,2023-06-16 00:00:00,23.5,69.1,22,24.8,71.2,288,2015.7,90,cat2,12,False
2018166N15260,CARLOTTA,2018,EP,9,2018-06-15 00:00:00,15.1,-100.0,closest_approach,2018-06-19 00:00:00,18.1,-103.5,8,18.1,-103.5,96,671.0,55,ts,4,False
2007315S05095,ARIEL:LEE,2008,SI,23,2007-11-13 00:00:00,-5.7,93.0,closest_approach,2007-11-13 00:00:00,-5.7,93.0,0,-11.8,89.4,264,1919.6,50,ts,4,False
2012254N09135,SANBA,2012,WP,16,2012-09-10 12:00:00,8.9,134.7,landfall,2012-09-18 00:00:00,43.6,132.6,15,43.6,132.6,180,4163.5,110,cat3,7,False
2023239N16242,IRWIN,2023,EP,15,2023-08-27 00:00:00,15.9,-118.6,closest_approach,2023-08-27 00:00:00,15.9,-118.6,0,16.2,-141.4,168,2650.3,40,ts,4,False
2022266N12294,IAN,2022,NA,17,2022-09-23 00:00:00,12.9,-67.2,landfall,2022-09-27 12:00:00,22.6,-83.6,9,34.4,-79.3,192,3785.8,140,cat5,11,False
2020314N28313,THETA,2020,NA,17,2020-11-08 12:00:00,28.4,-47.5,closest_approach,2020-11-15 12:00:00,31.4,-18.3,14,33.4,-18.6,192,3142.6,60,ts,4,False
2011249N18133,KULAP,2011,WP,9,2011-09-06 00:00:00,18.7,133.7,closest_approach,2011-09-09 12:00:00,29.9,128.9,7,30.9,127.5,96,1722.4,35,ts,2,False
2013020S16137,OSWALD,2013,SP,7,2013-01-20 12:00:00,-16.3,137.3,landfall,2013-01-20 12:00:00,-16.3,137.3,0,-17.0,144.8,72,1101.4,40,ts,2,False
2021236N12265,NORA,2021,EP,13,2021-08-24 12:00:00,12.3,-95.7,landfall,2021-08-30 00:00:00,23.6,-106.7,11,24.3,-107.4,144,2122.3,70,cat1,8,False
2008351S11128,BILLY,2009,SI,36,2008-12-17 12:00:00,-12.9,127.6,landfall,2008-12-20 00:00:00,-14.9,127.9,5,-12.4,89.0,420,4888.6,90,cat2,14,False
2017257N16258,MAX,2017,EP,4,2017-09-13 12:00:00,15.9,-101.8,landfall,2017-09-15 00:00:00,16.8,-98.6,3,16.8,-98.6,36,357.5,70,cat1,2,False
2019314N12172,FENGSHEN,2019,WP,18,2019-11-10 00:00:00,12.0,171.3,closest_approach,2019-11-16 12:00:00,25.9,146.7,13,20.8,156.0,204,5840.5,85,cat2,11,False
2018038S15172,GITA,2018,SP,26,2018-02-07 12:00:00,-15.7,173.6,closest_approach,2018-02-09 12:00:00,-14.4,186.7,4,-38.6,169.6,300,7140.6,110,cat3,13,True
2023225N14248,FERNANDA,2023,EP,25,2023-08-12 12:00:00,14.2,-111.8,closest_approach,2023-08-22 00:00:00,13.9,-155.0,19,13.0,-168.1,288,6138.1,115,cat4,4,False
2012297N11067,MURJAN,2012,NI,7,2012-10-23 00:00:00,11.3,65.1,landfall,2012-10-26 00:00:00,9.2,47.7,6,9.2,47.7,72,1922.9,40,ts,3,False
2008217N28273,EDOUARD,2008,NA,7,2008-08-03 12:00:00,28.1,-87.4,landfall,2008-08-06 00:00:00,30.6,-95.7,5,32.0,-98.0,72,1151.1,55,ts,4,False
2016328N09130,TOKAGE,2016,WP,10,2016-11-23 12:00:00,9.7,129.1,landfall,2016-11-24 12:00:00,10.7,124.8,2,17.2,118.7,108,1785.9,50,ts,5,False
2021025S14138,LUCAS,2021,SP,21,2021-01-25 00:00:00,-14.7,138.9,landfall,2021-01-27 12:00:00,-14.7,142.1,5,-22.6,165.6,240,3839.4,55,ts,15,False
2005308S07098,UNNAMED,2006,SI,8,2005-11-04 12:00:00,-7.5,97.8,closest_approach,2005-11-04 12:00:00,-7.5,97.8,0,-15.9,84.6,84,1753.2,35,ts,4,False
2021241N32308,JULIAN,2021,NA,7,2021-08-28 12:00:00,32.1,-51.7,closest_approach,2021-08-31 12:00:00,50.5,-35.5,6,50.5,-35.5,72,2728.6,50,ts,3,False
2009066S12081,UNNAMED,2009,SI,15,2009-03-06 12:00:00,-11.6,80.6,closest_approach,2009-03-06 12:00:00,-11.6,80.6,0,-20.5,77.2,168,2599.7,35,ts,6,False
2009045S18174,INNIS,2009,SP,9,2009-02-15 00:00:00,-17.5,172.3,closest_approach,2009-02-17 00:00:00,-20.6,164.9,4,-36.4,162.2,96,2818.8,40,ts,5,False
2016355N07146,NOCK-TEN,2016,WP,16,2016-12-20 12:00:00,6.1,144.4,closest_approach,2016-12-25 12:00:00,13.5,124.0,10,12.9,113.3,180,3683.5,105,cat3,8,False
2008270N39325,LAURA,2008,NA,17,2008-09-26 00:00:00,39.0,-35.0,closest_approach,2008-10-03 00:00:00,56.9,-44.0,14,56.5,-31.4,192,4362.5,70,cat1,3,False
2026166N24260,ARTHUR,2026,NA,7,2026-06-15 00:00:00,23.5,-100.3,landfall,2026-06-15 00:00:00,23.5,-100.3,0,29.4,-94.8,72,963.7,35,ts,5,False
2019093S07133,WALLACE,2019,SI,21,2019-04-03 12:00:00,-8.4,132.6,closest_approach,2019-04-04 12:00:00,-10.7,129.3,2,-15.1,99.4,240,3903.0,50,ts,8,False
2026126N08148,HAGUPIT,2026,WP,12,2026-05-06 00:00:00,7.3,146.8,closest_approach,2026-05-11 00:00:00,11.0,130.1,10,11.6,131.8,132,2140.2,39,ts,4,False
2016214N15240,HOWARD,2016,EP,15,2016-07-31 12:00:00,14.7,-119.8,closest_approach,2016-08-07 12:00:00,21.7,-156.4,14,21.7,-156.4,168,3982.3,50,ts,4,False
2018246N22283,GORDON,2018,NA,10,2018-09-03 00:00:00,23.3,-78.2,landfall,2018-09-03 12:00:00,25.1,-80.7,1,35.0,-92.2,108,1927.0,60,ts,4,False
2016230N12328,FIONA,2016,NA,15,2016-08-17 00:00:00,12.4,-33.6,closest_approach,2016-08-23 12:00:00,25.9,-64.0,13,26.7,-65.8,168,3727.0,45,ts,4,False
2024268N17278,HELENE,2024,NA,11,2024-09-23 12:00:00,17.2,-81.7,landfall,2024-09-27 12:00:00,34.4,-83.2,8,36.6,-87.6,120,2908.8,120,cat4,7,False
2010285N13145,MEGI,2010,WP,26,2010-10-11 12:00:00,12.7,145.0,landfall,2010-10-18 12:00:00,16.8,120.6,14,25.3,118.4,300,4210.0,125,cat4,13,False
2024329N04089,FENGAL,2024,NI,22,2024-11-24 00:00:00,3.7,87.8,landfall,2024-12-01 00:00:00,12.1,79.9,14,11.2,69.9,252,2898.2,45,ts,12,False
2006217N20134,BOPHA,2006,WP,13,2006-08-05 00:00:00,20.2,133.5,closest_approach,2006-08-09 00:00:00,22.8,119.9,8,22.0,113.9,144,2159.0,55,ts,6,False
2007337S12186,DAMAN,2008,SP,14,2007-12-03 12:00:00,-12.3,184.4,closest_approach,2007-12-07 12:00:00,-15.6,179.7,8,-19.8,181.5,156,2187.9,90,cat2,7,True
2017309N26308,RINA,2017,NA,11,2017-11-04 12:00:00,25.5,-52.3,closest_approach,2017-11-09 12:00:00,45.5,-47.0,10,45.5,-47.0,120,2408.1,45,ts,7,False
2014294N20265,HANNA,2014,NA,18,2014-10-21 00:00:00,19.5,-95.3,landfall,2014-10-23 12:00:00,18.6,-90.5,5,16.9,-89.6,204,2580.4,35,ts,13,False
2013259N17132,USAGI,2013,WP,14,2013-09-16 12:00:00,17.2,132.3,landfall,2013-09-22 12:00:00,22.8,115.4,12,23.7,112.5,156,2268.7,110,cat3,7,False
2009194N11257,DOLORES,2009,EP,15,2009-07-13 00:00:00,10.6,-104.7,closest_approach,2009-07-13 00:00:00,10.6,-104.7,0,29.5,-134.5,168,4019.6,50,ts,6,False
2024253N21266,FRANCINE,2024,NA,11,2024-09-09 00:00:00,22.0,-94.8,landfall,2024-09-12 00:00:00,29.6,-90.9,6,34.9,-91.7,120,1926.6,80,cat1,5,False
2018227N37315,ERNESTO,2018,NA,9,2018-08-15 00:00:00,36.9,-45.5,landfall,2018-08-19 00:00:00,54.2,-9.6,8,54.2,-9.6,96,3437.9,40,ts,3,False
2026034N10137,PENHA,2026,WP,6,2026-02-04 00:00:00,8.9,133.2,closest_approach,2026-02-06 12:00:00,10.0,123.3,5,10.0,123.3,60,1132.7,35,ts,0,False
2013019S12174,GARRY,2013,SP,20,2013-01-18 12:00:00,-12.3,173.9,closest_approach,2013-01-21 12:00:00,-11.8,188.3,6,-27.7,205.2,228,4368.9,80,cat1,13,True
2016171N19268,DANIELLE,2016,NA,5,2016-06-19 00:00:00,19.7,-92.3,landfall,2016-06-21 00:00:00,21.1,-97.8,4,21.1,-97.8,48,621.5,40,ts,3,False
2021169N23268,CLAUDETTE,2021,NA,11,2021-06-18 00:00:00,23.5,-91.8,landfall,2021-06-19 12:00:00,30.6,-89.9,3,44.1,-59.6,120,3930.1,40,ts,2,False
2016335N07088,NADA,2016,NI,6,2016-11-29 12:00:00,6.8,87.7,landfall,2016-12-02 00:00:00,10.9,79.6,5,10.9,79.6,60,1022.4,40,ts,2,False
2020239N13134,MAYSAK,2020,WP,18,2020-08-26 00:00:00,12.8,133.9,landfall,2020-09-03 12:00:00,45.4,127.1,17,45.4,127.1,204,4104.6,95,cat2,12,False
2025265N14261,NARDA,2025,EP,19,2025-09-22 00:00:00,15.1,-100.1,closest_approach,2025-09-22 00:00:00,15.1,-100.1,0,21.7,-125.0,216,3256.5,90,cat2,5,False
2017113N09144,MUIFA,2017,WP,7,2017-04-25 00:00:00,12.6,136.8,closest_approach,2017-04-26 12:00:00,13.9,134.6,3,18.4,135.5,72,809.5,35,ts,2,False
2018348S08093,KENANGA,2019,SI,21,2018-12-14 12:00:00,-7.9,92.6,closest_approach,2018-12-14 12:00:00,-7.9,92.6,0,-20.4,75.0,240,2492.4,115,cat4,9,False
2020034S17129,DAMIEN,2020,SI,13,2020-02-04 00:00:00,-16.0,127.3,landfall,2020-02-04 00:00:00,-16.0,127.3,0,-24.7,117.7,144,1902.9,80,cat1,8,False
2008319S07086,BERNARD,2009,SI,6,2008-11-18 00:00:00,-9.3,77.7,closest_approach,2008-11-20 12:00:00,-10.0,87.4,5,-10.0,87.4,60,1127.7,35,ts,4,False
2011302N13062,KEILA,2011,NI,9,2011-11-01 00:00:00,15.9,56.6,landfall,2011-11-03 00:00:00,17.0,54.6,4,16.0,53.0,96,572.5,35,ts,3,False
2007021S12183,ARTHUR,2007,SP,12,2007-01-21 12:00:00,-12.2,-176.4,closest_approach,2007-01-23 12:00:00,-12.7,-173.3,4,-26.4,-148.4,132,3554.6,60,ts,7,False
2011266N13139,NESAT,2011,WP,16,2011-09-23 00:00:00,12.8,139.4,landfall,2011-09-27 00:00:00,16.4,121.6,8,21.1,106.3,180,3704.0,75,cat1,7,False
2008253N29150,UNNAMED,2008,WP,7,2008-09-09 00:00:00,28.7,149.5,closest_approach,2008-09-12 00:00:00,38.4,142.6,6,38.4,142.6,72,1495.4,35,ts,2,False
2015184N08172,NANGKA,2015,WP,30,2015-07-03 12:00:00,9.1,171.4,landfall,2015-07-17 00:00:00,35.0,133.5,27,38.8,135.6,348,6218.9,100,cat3,8,False
2009313N11072,PHYAN,2009,NI,5,2009-11-09 12:00:00,12.1,71.1,landfall,2009-11-11 12:00:00,19.7,73.9,4,19.7,73.9,48,926.4,45,ts,3,False
2008275N16245,MARIE,2008,EP,37,2008-10-01 12:00:00,17.0,-116.1,closest_approach,2008-10-01 12:00:00,17.0,-116.1,0,10.6,-139.0,432,4079.5,70,cat1,5,False
2013097S06099,VICTORIA,2013,SI,8,2013-04-08 12:00:00,-9.9,102.0,closest_approach,2013-04-08 12:00:00,-9.9,102.0,0,-24.0,106.0,84,1627.0,75,cat1,3,False
2011295N13279,RINA,2011,NA,15,2011-10-22 00:00:00,12.7,-81.0,landfall,2011-10-28 12:00:00,21.4,-86.9,13,21.8,-85.3,168,1500.8,100,cat3,8,False
2020299N18277,ZETA,2020,NA,12,2020-10-24 12:00:00,18.4,-82.6,landfall,2020-10-27 12:00:00,21.3,-89.0,6,39.5,-71.7,132,3890.0,85,cat2,9,False
2013175N12256,COSME,2013,EP,15,2013-06-23 12:00:00,11.8,-103.6,closest_approach,2013-06-25 00:00:00,15.6,-107.5,3,23.0,-137.8,168,3891.1,75,cat1,5,False
2011045S17119,DIANNE,2011,SI,16,2011-02-15 00:00:00,-18.7,114.2,closest_approach,2011-02-15 00:00:00,-18.7,114.2,0,-30.5,102.7,180,2064.7,75,cat1,9,False
2008079S12069,LOLA,2008,SI,16,2008-03-20 12:00:00,-14.9,62.8,closest_approach,2008-03-27 00:00:00,-20.4,58.3,13,-23.7,60.8,180,2041.6,35,ts,3,False
2017292N13151,SAOLA,2017,WP,21,2017-10-19 12:00:00,12.2,151.6,closest_approach,2017-10-29 12:00:00,34.6,140.5,20,34.6,140.5,240,5501.6,60,ts,17,False
2017364S12065,AVA,2018,SI,21,2017-12-30 12:00:00,-11.7,64.6,landfall,2018-01-05 12:00:00,-18.1,49.3,12,-30.5,48.4,240,3643.3,80,cat1,12,False
2024309N13283,RAFAEL,2024,NA,14,2024-11-04 00:00:00,13.5,-76.8,closest_approach,2024-11-07 00:00:00,23.1,-83.2,6,26.1,-91.9,156,2320.2,95,cat2,6,False
2021219N15258,KEVIN,2021,EP,19,2021-08-06 12:00:00,15.0,-101.9,closest_approach,2021-08-06 12:00:00,15.0,-101.9,0,30.8,-128.8,216,3551.7,55,ts,4,False
2022268N20147,KULAP,2022,WP,9,2022-09-25 12:00:00,21.0,145.0,closest_approach,2022-09-28 00:00:00,32.1,145.4,5,44.4,163.0,96,3526.5,65,cat1,8,False
2006228N13247,HECTOR,2006,EP,17,2006-08-16 00:00:00,13.0,-114.6,closest_approach,2006-08-16 00:00:00,13.0,-114.6,0,23.1,-142.0,192,3208.1,90,cat2,5,False
2025197N14131,WIPHA,2025,WP,9,2025-07-18 12:00:00,19.4,122.3,landfall,2025-07-22 12:00:00,20.0,105.1,8,20.0,105.1,96,1855.8,55,ts,3,False
2018161N12260,BUD,2018,EP,13,2018-06-10 00:00:00,12.7,-101.3,closest_approach,2018-06-15 00:00:00,22.7,-109.7,10,26.4,-110.1,144,1919.2,120,cat4,4,False
2012229N28305,GORDON,2012,NA,13,2012-08-15 12:00:00,27.6,-54.6,closest_approach,2012-08-21 12:00:00,39.8,-16.6,12,39.8,-16.6,144,4213.0,95,cat2,7,False
2020245N16285,NANA,2020,NA,6,2020-09-01 12:00:00,16.3,-76.8,landfall,2020-09-03 12:00:00,16.4,-89.6,4,15.8,-91.4,60,1581.8,60,ts,3,False
2012009S12118,HEIDI,2012,SI,7,2012-01-10 00:00:00,-14.5,119.5,landfall,2012-01-12 00:00:00,-20.8,118.6,4,-24.1,117.9,72,1093.5,65,cat1,3,False
2026028S17172,UNNAMED,2026,SP,3,2026-01-28 12:00:00,-18.9,173.7,closest_approach,2026-01-28 12:00:00,-18.9,173.7,0,-26.2,172.5,24,834.4,54,ts,1,False
2012070S17112,LUA,2012,SI,13,2012-03-11 12:00:00,-18.5,114.4,landfall,2012-03-17 12:00:00,-21.4,120.4,12,-21.4,120.4,144,1728.1,85,cat2,11,False
2024319N16282,SARA,2024,NA,9,2024-11-14 00:00:00,16.0,-79.7,landfall,2024-11-18 00:00:00,17.9,-90.2,8,17.9,-90.2,96,1172.5,45,ts,3,False
2007147N13249,ALVIN,2007,EP,22,2007-05-27 00:00:00,12.8,-110.6,closest_approach,2007-05-27 00:00:00,12.8,-110.6,0,11.1,-127.4,252,1936.2,35,ts,4,False
2011208N09145,MUIFA,2011,WP,27,2011-07-27 00:00:00,10.0,141.8,landfall,2011-08-08 12:00:00,40.5,124.8,25,44.3,126.6,312,5180.7,95,cat2,8,False
2023191N10262,CALVIN,2023,EP,19,2023-07-10 12:00:00,10.5,-99.4,closest_approach,2023-07-19 12:00:00,17.7,-155.9,18,17.7,-155.9,216,6151.5,105,cat3,8,False
2013294N28304,LORENZO,2013,NA,10,2013-10-21 12:00:00,28.2,-55.6,closest_approach,2013-10-21 12:00:00,28.2,-55.6,0,32.1,-44.7,108,1201.4,45,ts,2,False
2018182N11256,FABIO,2018,EP,17,2018-07-01 00:00:00,11.3,-104.8,closest_approach,2018-07-01 00:00:00,11.3,-104.8,0,26.4,-138.7,192,3971.9,95,cat2,6,False
2014290N14261,TRUDY,2014,EP,4,2014-10-17 12:00:00,14.6,-98.8,landfall,2014-10-18 12:00:00,16.7,-98.7,2,17.3,-98.2,36,325.5,45,ts,2,False
2008135N12116,HALONG,2008,WP,12,2008-05-14 12:00:00,11.7,116.4,landfall,2008-05-18 00:00:00,17.4,121.9,7,26.7,135.4,132,2652.9,60,ts,6,False
2009164N10131,LINFA,2009,WP,19,2009-06-13 12:00:00,10.2,129.9,landfall,2009-06-16 00:00:00,17.5,121.4,5,28.3,121.5,216,3208.3,60,ts,14,False
2006174N08135,JELAWAT,2006,WP,13,2006-06-23 00:00:00,8.5,133.4,landfall,2006-06-25 00:00:00,11.9,124.0,4,21.2,110.5,144,2924.2,40,ts,11,False
2008012N12123,UNNAMED,2008,WP,11,2008-01-12 12:00:00,12.4,121.3,landfall,2008-01-12 12:00:00,12.4,121.3,0,3.9,105.2,120,2253.0,35,ts,3,False
2018004S09096,IRVING,2018,SI,13,2018-01-05 00:00:00,-10.7,94.4,closest_approach,2018-01-05 00:00:00,-10.7,94.4,0,-36.8,71.5,144,4570.9,80,cat1,6,False
2020023S19056,ESAMI,2020,SI,9,2020-01-22 12:00:00,-18.9,56.0,closest_approach,2020-01-23 00:00:00,-20.3,58.3,1,-28.6,77.0,96,2496.2,45,ts,5,False
2007090N06158,KONG-REY,2007,WP,12,2007-03-31 00:00:00,6.7,157.7,closest_approach,2007-03-31 12:00:00,7.6,155.3,1,25.9,155.0,132,3472.3,80,cat1,7,False
2008180N14238,CRISTINA,2008,EP,11,2008-06-28 00:00:00,13.9,-122.7,closest_approach,2008-06-28 00:00:00,13.9,-122.7,0,12.5,-137.2,120,1648.4,45,ts,2,False
2012060S12069,UNNAMED,2012,SI,7,2012-02-28 12:00:00,-11.7,69.4,closest_approach,2012-03-02 12:00:00,-16.5,64.0,6,-16.5,64.0,72,902.6,35,ts,3,False
2013301N13142,KROSA,2013,WP,16,2013-10-28 00:00:00,14.0,140.4,landfall,2013-10-31 12:00:00,18.3,121.8,7,16.8,110.1,180,3456.9,75,cat1,10,False
2017288N09138,LAN,2017,WP,17,2017-10-15 00:00:00,8.7,137.9,closest_approach,2017-10-23 00:00:00,37.3,141.5,16,37.3,141.5,192,4053.7,100,cat3,14,False
2006216N21152,MARIA,2006,WP,14,2006-08-04 00:00:00,21.9,151.8,closest_approach,2006-08-09 00:00:00,34.5,139.7,10,37.2,145.8,156,2993.3,70,cat1,6,False
2014246N17254,NORBERT,2014,EP,18,2014-09-02 12:00:00,17.0,-106.5,closest_approach,2014-09-06 00:00:00,24.0,-112.6,7,26.9,-117.7,204,2204.3,100,cat3,8,False
2010217N15265,ESTELLE,2010,EP,13,2010-08-04 12:00:00,14.9,-94.9,closest_approach,2010-08-04 12:00:00,14.9,-94.9,0,17.3,-113.2,144,2030.6,55,ts,7,False
2014077S11196,MIKE,2014,SP,5,2014-03-18 12:00:00,-14.8,-162.3,closest_approach,2014-03-18 12:00:00,-14.8,-162.3,0,-27.0,-159.6,48,1479.4,50,ts,3,False
2012346S14180,EVAN,2013,SP,19,2012-12-11 00:00:00,-14.6,181.3,closest_approach,2012-12-17 00:00:00,-17.2,177.6,12,-24.4,178.7,216,3063.1,100,cat3,11,True
2025086S14121,DIANNE,2025,SI,3,2025-03-28 00:00:00,-14.2,123.5,landfall,2025-03-29 00:00:00,-17.1,124.0,2,-17.1,124.0,24,327.1,45,ts,1,False
2016138N10081,ROANU,2016,NI,10,2016-05-17 00:00:00,10.0,80.8,landfall,2016-05-21 12:00:00,23.0,92.0,9,23.0,92.0,108,1984.7,45,ts,8,False
2011245N27269,LEE,2011,NA,10,2011-09-02 00:00:00,26.6,-91.4,landfall,2011-09-05 00:00:00,30.4,-91.6,6,34.2,-85.1,108,1261.9,50,ts,3,False
2022209N16246,GEORGETTE,2022,EP,19,2022-07-27 12:00:00,16.2,-114.2,closest_approach,2022-07-27 12:00:00,16.2,-114.2,0,19.5,-133.5,216,2929.8,50,ts,4,False
2019246N16330,GABRIELLE,2019,NA,18,2019-09-03 00:00:00,16.1,-30.1,closest_approach,2019-09-10 00:00:00,41.4,-44.2,14,49.0,-26.4,204,5464.8,55,ts,12,False
2006209N13130,PRAPIROON,2006,WP,17,2006-07-28 00:00:00,12.5,130.0,landfall,2006-07-31 12:00:00,16.6,121.3,7,24.0,107.0,192,2811.3,65,cat1,11,False
2011172N11133,MEARI,2011,WP,13,2011-06-21 00:00:00,11.4,132.5,closest_approach,2011-06-26 12:00:00,37.2,122.7,11,38.5,124.3,144,3468.6,60,ts,7,False
2017247N16132,GUCHOL,2017,WP,9,2017-09-03 12:00:00,16.0,132.4,closest_approach,2017-09-07 12:00:00,24.7,119.4,8,24.7,119.4,96,1986.4,35,ts,5,False
2020211N14124,SINLAKU,2020,WP,10,2020-07-29 00:00:00,14.4,123.9,landfall,2020-07-29 12:00:00,15.3,121.0,1,19.5,104.8,108,2126.8,35,ts,6,False
2018039N08151,SANBA,2018,WP,15,2018-02-08 12:00:00,10.5,149.4,landfall,2018-02-13 00:00:00,9.2,126.1,9,9.0,118.4,168,3783.3,35,ts,5,False
2024082S08054,GAMANE,2024,SI,10,2024-03-24 12:00:00,-12.3,53.3,landfall,2024-03-27 12:00:00,-13.3,49.3,6,-14.2,47.7,108,757.3,75,cat1,5,False
2024186N15256,ALETTA,2024,EP,6,2024-07-04 00:00:00,15.4,-104.4,closest_approach,2024-07-04 12:00:00,17.1,-105.6,1,18.3,-112.4,60,997.9,35,ts,1,False
2023087S10096,HERMAN,2023,SI,15,2023-03-27 12:00:00,-10.4,96.0,closest_approach,2023-04-01 12:00:00,-19.4,107.2,10,-19.6,103.7,168,2023.2,115,cat4,7,False
2011239N27301,JOSE,2011,NA,7,2011-08-26 12:00:00,27.3,-59.0,closest_approach,2011-08-29 12:00:00,38.3,-63.8,6,38.3,-63.8,72,1703.0,40,ts,4,False
2009024S17123,DOMINIC,2009,SI,7,2009-01-25 00:00:00,-18.5,118.8,landfall,2009-01-27 00:00:00,-22.1,115.4,4,-27.2,117.8,72,1273.5,55,ts,3,False
2006198N12252,DANIEL,2006,EP,24,2006-07-17 00:00:00,12.4,-109.2,closest_approach,2006-07-28 12:00:00,17.8,-151.8,23,17.8,-151.8,276,4675.4,130,cat4,10,False
2015328N11260,SANDRA,2015,EP,13,2015-11-23 12:00:00,10.9,-100.5,closest_approach,2015-11-29 12:00:00,24.2,-107.7,12,24.2,-107.7,144,2402.3,120,cat4,6,False
2009246N12250,LINDA,2009,EP,24,2009-09-03 12:00:00,11.8,-110.9,closest_approach,2009-09-03 12:00:00,11.8,-110.9,0,19.9,-136.4,276,3222.3,70,cat1,13,False
2009093S12062,JADE,2009,SI,18,2009-04-03 00:00:00,-12.2,60.3,landfall,2009-04-06 12:00:00,-16.5,49.4,7,-33.0,58.3,204,3560.1,65,cat1,17,False
2013276N21273,KAREN,2013,NA,6,2013-10-03 12:00:00,22.1,-87.4,closest_approach,2013-10-03 12:00:00,22.1,-87.4,0,28.1,-91.9,60,808.4,55,ts,0,False
2013324N07103,LEHAR,2013,WP,19,2013-11-20 00:00:00,6.8,103.1,landfall,2013-11-21 00:00:00,6.3,101.7,2,16.1,78.8,216,2996.3,75,cat1,14,False
2013243N26122,TORAJI,2013,WP,8,2013-08-31 12:00:00,24.7,122.3,closest_approach,2013-09-04 00:00:00,32.7,132.6,7,32.7,132.6,84,1348.7,50,ts,5,False
2016095S13162,ZENA,2016,SP,5,2016-04-04 12:00:00,-13.5,162.5,closest_approach,2016-04-05 12:00:00,-15.4,168.0,2,-19.8,178.2,48,1817.2,65,cat1,3,False
2010264N20252,GEORGETTE,2010,EP,6,2010-09-20 12:00:00,19.7,-108.4,landfall,2010-09-22 00:00:00,24.0,-110.0,3,28.3,-111.1,60,1000.3,35,ts,1,False
2007150N14263,BARBARA,2007,EP,8,2007-05-30 00:00:00,14.2,-97.5,closest_approach,2007-06-02 12:00:00,14.6,-92.5,7,14.6,-92.5,84,673.2,45,ts,5,False
2010040S11185,RENE,2010,SP,19,2010-02-09 12:00:00,-11.8,186.2,closest_approach,2010-02-10 00:00:00,-12.7,188.6,1,-31.5,177.3,216,3935.6,85,cat2,9,True
2012216N24162,KIROGI,2012,WP,14,2012-08-04 00:00:00,23.7,162.7,closest_approach,2012-08-10 12:00:00,46.0,147.1,13,46.0,147.1,156,3225.2,45,ts,11,False
2015209N07248,GUILLERMO,2015,EP,25,2015-07-27 12:00:00,6.5,-112.5,closest_approach,2015-08-07 12:00:00,22.5,-158.1,22,23.6,-163.7,288,5980.7,90,cat2,9,False
2006225N17126,SONAMU,2006,WP,7,2006-08-13 12:00:00,17.2,127.5,closest_approach,2006-08-16 12:00:00,32.7,134.4,6,32.7,134.4,72,2768.2,40,ts,4,False
2008201N32280,CRISTOBAL,2008,NA,9,2008-07-19 00:00:00,31.7,-79.8,closest_approach,2008-07-20 12:00:00,34.1,-76.7,3,43.3,-60.7,96,2119.1,55,ts,5,False
2026242N10255,MARIE,2026,EP,20,2026-08-30 00:00:00,10.5,-105.9,closest_approach,2026-09-03 00:00:00,18.2,-112.7,8,25.5,-127.1,228,2916.0,85,cat2,11,False
2025017S18122,SEAN,2025,SI,11,2025-01-18 00:00:00,-19.4,119.2,closest_approach,2025-01-18 00:00:00,-19.4,119.2,0,-29.3,107.8,120,1904.5,95,cat2,5,False
2006081S14129,GLENDA,2006,SI,16,2006-03-23 12:00:00,-14.2,128.5,landfall,2006-03-24 12:00:00,-15.4,128.4,2,-23.3,115.0,180,2096.7,110,cat3,10,False
2010298S09087,UNNAMED,2011,SI,13,2010-10-25 00:00:00,-9.2,87.0,closest_approach,2010-10-31 00:00:00,-14.4,70.7,12,-14.4,70.7,144,2068.6,35,ts,3,False
2019035S11058,GELENA,2019,SI,22,2019-02-05 00:00:00,-12.1,55.8,closest_approach,2019-02-09 12:00:00,-18.7,60.3,9,-30.3,90.6,252,4770.9,110,cat3,9,False
2019246N15225,AKONI,2019,EP,7,2019-09-03 12:00:00,14.4,-135.7,closest_approach,2019-09-06 12:00:00,11.4,-148.8,6,11.4,-148.8,72,1463.5,35,ts,5,False
2022219N14255,HOWARD,2022,EP,14,2022-08-06 12:00:00,14.0,-105.3,closest_approach,2022-08-08 12:00:00,19.7,-113.1,4,23.4,-128.8,156,2802.8,75,cat1,5,False
2017300N10271,SELMA,2017,EP,4,2017-10-27 00:00:00,10.3,-88.9,landfall,2017-10-28 12:00:00,13.5,-89.0,3,13.5,-89.0,36,373.1,35,ts,1,False
2015024S11090,DIAMONDRA,2015,SI,8,2015-01-26 12:00:00,-16.9,78.6,closest_approach,2015-01-27 12:00:00,-18.3,77.5,2,-22.6,81.4,84,850.9,45,ts,4,False
2025266N11137,BUALOI,2025,WP,11,2025-09-23 12:00:00,10.0,134.5,closest_approach,2025-09-26 00:00:00,12.3,122.9,5,17.7,107.1,120,3125.6,65,cat1,3,False
2021020S13107,UNNAMED,2021,SI,27,2021-01-20 00:00:00,-12.5,102.6,closest_approach,2021-02-02 00:00:00,-13.1,55.2,26,-13.1,55.2,312,5702.0,40,ts,2,False
2019236N08143,PODUL,2019,WP,14,2019-08-24 12:00:00,8.1,140.2,landfall,2019-08-30 00:00:00,16.8,104.9,11,17.9,102.1,156,4435.8,40,ts,8,False
2006193N13258,CARLOTTA,2006,EP,17,2006-07-12 00:00:00,13.5,-102.2,closest_approach,2006-07-12 12:00:00,14.9,-104.8,1,20.6,-132.3,192,3339.0,70,cat1,3,False
2015218N12231,HILDA,2015,EP,18,2015-08-06 00:00:00,12.4,-129.2,closest_approach,2015-08-13 12:00:00,16.9,-153.3,15,15.5,-157.7,204,3225.9,120,cat4,6,False
2023258N14318,NIGEL,2023,NA,23,2023-09-15 12:00:00,14.3,-43.2,closest_approach,2023-09-26 00:00:00,61.5,-20.9,21,61.5,-23.3,264,7893.3,85,cat2,9,False
2017065S14079,FERNANDO,2017,SI,20,2017-03-06 00:00:00,-14.0,78.0,closest_approach,2017-03-13 00:00:00,-22.8,57.5,14,-34.2,51.7,228,4540.4,43,ts,18,False
2018202N21159,WUKONG,2018,WP,12,2018-07-21 12:00:00,21.1,158.9,closest_approach,2018-07-27 00:00:00,44.4,152.2,11,44.4,152.2,132,2737.5,50,ts,7,False
2025305N08140,KALMAEGI,2025,WP,11,2025-11-01 12:00:00,10.3,137.2,landfall,2025-11-04 00:00:00,10.6,123.2,5,13.7,109.1,120,3132.0,85,cat2,9,False
2020222N15117,MEKKHALA,2020,WP,8,2020-08-08 12:00:00,14.9,117.3,landfall,2020-08-11 00:00:00,24.2,117.7,5,28.7,114.6,84,1721.4,45,ts,4,False
2013040S16199,HALEY,2013,SP,13,2013-02-08 12:00:00,-15.8,-161.3,closest_approach,2013-02-08 12:00:00,-15.8,-161.3,0,-23.2,-147.4,144,2362.5,40,ts,3,False
2011346N03156,WASHI,2011,WP,15,2011-12-12 00:00:00,4.4,154.5,landfall,2011-12-16 12:00:00,8.3,125.5,9,9.7,113.0,168,4664.0,45,ts,8,False
2017111S09146,FRANCES,2017,SI,9,2017-04-26 12:00:00,-8.4,131.5,closest_approach,2017-04-26 12:00:00,-8.4,131.5,0,-13.5,121.8,96,1219.0,70,cat1,4,False
2010078N03153,OMAIS,2010,WP,14,2010-03-19 12:00:00,2.7,152.2,closest_approach,2010-03-19 12:00:00,2.7,152.2,0,17.4,131.7,156,2946.7,35,ts,7,False
2025180N19266,BARRY,2025,NA,3,2025-06-29 00:00:00,19.5,-94.7,landfall,2025-06-30 00:00:00,21.7,-97.4,2,21.7,-97.4,24,381.3,35,ts,1,False
2020229N18242,FAUSTO,2020,EP,5,2020-08-16 00:00:00,18.0,-118.2,closest_approach,2020-08-16 12:00:00,20.4,-119.3,1,23.3,-127.2,48,1194.6,35,ts,1,False
2015094S10087,IKOLA,2015,SI,8,2015-04-04 12:00:00,-10.4,86.6,closest_approach,2015-04-08 00:00:00,-21.2,97.5,7,-21.2,97.5,84,1695.4,95,cat2,5,False
2007050S16079,GAMEDE,2007,SI,24,2007-02-19 12:00:00,-16.2,78.8,closest_approach,2007-02-25 00:00:00,-18.9,55.1,11,-32.6,49.8,276,4682.0,90,cat2,13,False
2019291N22264,NESTOR,2019,NA,8,2019-10-17 12:00:00,22.2,-95.7,landfall,2019-10-20 00:00:00,31.2,-84.2,5,37.5,-74.5,84,2661.0,50,ts,2,False
2022080S09087,HALIMA,2022,SI,24,2022-03-23 00:00:00,-12.5,77.4,closest_approach,2022-03-26 00:00:00,-15.4,73.6,6,-18.9,82.2,276,2799.0,110,cat3,5,False
2021176N15259,ENRIQUE,2021,EP,11,2021-06-25 12:00:00,15.5,-102.1,closest_approach,2021-06-30 12:00:00,24.3,-109.8,10,24.3,-109.8,120,1400.2,80,cat1,4,False
2022285N19266,KARL,2022,NA,9,2022-10-11 12:00:00,19.0,-94.1,closest_approach,2022-10-15 12:00:00,18.5,-93.3,8,18.5,-93.3,96,927.9,50,ts,3,False
2015256N16113,VAMCO,2015,WP,5,2015-09-13 00:00:00,15.7,112.9,landfall,2015-09-15 00:00:00,15.3,105.9,4,15.3,105.9,48,777.5,35,ts,2,False
2015038N08158,HIGOS,2015,WP,11,2015-02-07 00:00:00,9.7,157.7,closest_approach,2015-02-07 00:00:00,9.7,157.7,0,16.7,152.2,120,1054.1,80,cat1,6,False
2023276N11254,LIDIA,2023,EP,18,2023-10-03 00:00:00,11.2,-105.8,landfall,2023-10-11 00:00:00,20.1,-105.5,16,24.5,-100.5,204,2723.2,120,cat4,16,False
2009121N13124,KUJIRA,2009,WP,14,2009-05-01 00:00:00,12.7,124.5,landfall,2009-05-01 12:00:00,12.7,124.1,1,30.2,147.4,156,3245.5,85,cat2,8,False
2024235N16223,HONE,2024,EP,21,2024-08-22 00:00:00,15.5,-137.5,closest_approach,2024-08-25 12:00:00,18.2,-155.7,7,23.3,-176.5,240,4282.8,75,cat1,7,False
2015127N04158,DOLPHIN,2015,WP,28,2015-05-07 00:00:00,3.9,159.5,closest_approach,2015-05-20 12:00:00,32.8,148.2,27,32.8,148.2,324,5606.8,100,cat3,19,False
2013189N09319,CHANTAL,2013,NA,7,2013-07-07 12:00:00,9.3,-41.4,closest_approach,2013-07-10 12:00:00,16.7,-71.2,6,16.7,-71.2,72,3344.3,55,ts,4,False
2026208N13178,DOLPHIN,2026,WP,28,2026-07-27 00:00:00,12.8,178.3,landfall,2026-08-09 12:00:00,27.9,120.6,27,27.9,120.6,324,6331.1,138,cat5,6,False
2021259N30286,ODETTE,2021,NA,21,2021-09-16 12:00:00,31.4,-74.8,closest_approach,2021-09-17 12:00:00,35.0,-73.9,2,32.9,-40.5,240,5796.1,55,ts,7,False
2022008S13148,TIFFANY,2022,SP,15,2022-01-08 00:00:00,-12.6,147.7,landfall,2022-01-10 12:00:00,-14.6,142.8,5,-17.8,124.9,168,2713.8,55,ts,4,False
2010293N17093,GIRI,2010,NI,10,2010-10-19 12:00:00,16.7,92.6,landfall,2010-10-23 00:00:00,21.2,94.8,7,23.7,99.8,108,1338.2,105,cat3,6,False
2025278N15254,PRISCILLA,2025,EP,16,2025-10-04 12:00:00,15.2,-106.3,closest_approach,2025-10-12 00:00:00,26.5,-114.2,15,26.5,-114.2,180,1719.8,95,cat2,6,False
2009011S16139,CHARLOTTE,2009,SP,4,2009-01-11 00:00:00,-16.3,139.6,landfall,2009-01-12 00:00:00,-16.9,141.7,2,-17.9,143.0,36,425.2,45,ts,1,False
2017189N11250,EUGENE,2017,EP,14,2017-07-07 12:00:00,11.2,-110.0,closest_approach,2017-07-12 12:00:00,23.2,-121.5,10,26.0,-125.7,156,2343.4,95,cat2,4,False
2018321N10113,TORAJI,2018,WP,9,2018-11-17 00:00:00,10.3,112.2,landfall,2018-11-18 12:00:00,11.9,107.8,3,7.6,100.3,96,1477.0,35,ts,1,False
2020104S12091,JERUTO,2020,SI,8,2020-04-14 00:00:00,-13.1,88.5,closest_approach,2020-04-14 00:00:00,-13.1,88.5,0,-17.5,78.7,84,1196.7,38,ts,2,False
2023160N20092,UNNAMED,2023,NI,4,2023-06-08 12:00:00,19.5,92.1,closest_approach,2023-06-10 00:00:00,21.0,91.8,3,21.0,91.8,36,208.9,45,ts,2,False
2019260N12262,LORENA,2019,EP,11,2019-09-17 12:00:00,13.2,-99.6,landfall,2019-09-19 12:00:00,20.3,-105.6,4,28.5,-111.5,120,2177.6,70,cat1,3,False
2012056S13057,IRINA,2012,SI,27,2012-02-26 12:00:00,-13.3,51.0,landfall,2012-02-27 00:00:00,-14.3,48.6,1,-28.7,35.8,312,4203.5,52,ts,7,False
2015180S04163,RAQUEL,2015,SP,12,2015-06-28 12:00:00,-4.0,163.4,closest_approach,2015-07-04 00:00:00,-7.9,159.9,11,-7.9,159.9,132,1082.0,35,ts,5,False
2012279N15145,PRAPIROON,2012,WP,26,2012-10-06 12:00:00,17.5,139.8,closest_approach,2012-10-18 12:00:00,30.3,136.5,24,32.3,142.6,300,3935.6,90,cat2,10,False
2022355S10128,ELLIE,2023,SI,32,2022-12-21 12:00:00,-10.8,128.7,landfall,2022-12-23 00:00:00,-15.2,130.4,3,-19.3,125.1,372,3012.8,40,ts,2,False
2008194N11266,ELIDA,2008,EP,20,2008-07-12 00:00:00,11.7,-95.2,closest_approach,2008-07-13 00:00:00,14.1,-101.0,2,16.5,-143.2,228,5240.9,90,cat2,10,False
2009251N16118,MUJIGAE,2009,WP,8,2009-09-08 12:00:00,16.2,118.4,landfall,2009-09-11 00:00:00,19.8,109.5,5,19.9,106.1,84,1535.8,40,ts,5,False
2009210N11231,LANA,2009,EP,12,2009-07-29 00:00:00,10.9,-130.0,closest_approach,2009-08-02 00:00:00,14.5,-154.3,8,14.8,-162.9,132,3603.1,50,ts,5,False
2020053S12119,FERDINAND,2020,SI,16,2020-02-22 12:00:00,-12.2,119.2,closest_approach,2020-02-22 12:00:00,-12.2,119.2,0,-15.2,110.9,180,1184.0,95,cat2,6,False
2015126N27281,ANA,2015,NA,13,2015-05-06 12:00:00,28.2,-78.5,landfall,2015-05-10 12:00:00,33.9,-78.8,8,40.8,-70.7,144,1805.1,50,ts,5,False
2019209N11237,ERICK,2019,EP,24,2019-07-27 12:00:00,11.2,237.1,closest_approach,2019-08-02 12:00:00,16.4,203.2,12,21.0,180.0,276,6252.3,115,cat4,7,True
2017200N26162,NORU,2017,WP,37,2017-07-21 00:00:00,27.9,157.4,landfall,2017-08-07 12:00:00,35.2,136.3,35,37.1,137.7,432,6312.1,95,cat2,20,False
2008080S17163,UNNAMED,2008,SP,13,2008-03-20 00:00:00,-17.4,163.4,closest_approach,2008-03-21 00:00:00,-20.1,163.9,2,-18.1,158.6,144,1408.7,35,ts,2,False
2019293N17257,PRISCILLA,2019,EP,4,2019-10-19 12:00:00,16.9,-102.9,landfall,2019-10-21 00:00:00,19.5,-104.1,3,19.5,-104.1,36,367.9,40,ts,2,False
2021208N13245,JIMENA,2021,EP,23,2021-07-27 00:00:00,13.1,-115.5,closest_approach,2021-07-27 00:00:00,13.1,-115.5,0,17.9,-140.5,264,3127.1,35,ts,19,False
2025276N20147,HALONG,2025,WP,12,2025-10-04 12:00:00,24.7,143.4,closest_approach,2025-10-09 00:00:00,33.0,141.1,9,34.4,154.3,132,2682.2,100,cat3,7,False
2018251N13325,ISAAC,2018,NA,16,2018-09-07 12:00:00,13.5,-35.0,closest_approach,2018-09-14 12:00:00,15.2,-66.2,14,15.4,-69.0,180,3741.7,65,cat1,5,False
2022280N11294,JULIA,2022,NA,9,2022-10-06 12:00:00,11.4,-66.5,landfall,2022-10-09 12:00:00,12.3,-84.7,6,13.7,-89.9,96,2586.0,65,cat1,5,False
2018164N21120,UNNAMED,2018,WP,3,2018-06-13 00:00:00,20.9,120.3,closest_approach,2018-06-13 00:00:00,20.9,120.3,0,25.3,124.5,24,660.6,35,ts,2,False
2008323S08089,ANIKA,2009,SI,8,2008-11-18 00:00:00,-8.9,91.3,closest_approach,2008-11-21 12:00:00,-16.9,108.4,7,-16.9,108.4,84,2072.4,50,ts,4,False
2015313N22289,KATE,2015,NA,10,2015-11-09 00:00:00,22.8,-72.6,closest_approach,2015-11-09 00:00:00,22.8,-72.6,0,40.7,-45.4,108,3978.5,75,cat1,5,False
2018347N07089,PHETHAI,2018,NI,9,2018-12-13 12:00:00,7.2,88.3,closest_approach,2018-12-17 12:00:00,16.8,82.5,8,16.8,82.5,96,1311.6,55,ts,6,False
2023247N20130,YUN-YEUNG,2023,WP,11,2023-09-04 00:00:00,20.3,130.0,closest_approach,2023-09-09 00:00:00,34.7,138.6,10,34.7,138.6,120,1846.9,40,ts,5,False
2017170N08310,BRET,2017,NA,3,2017-06-19 00:00:00,7.8,-51.7,closest_approach,2017-06-20 00:00:00,9.7,-60.5,2,9.7,-60.5,24,991.5,40,ts,2,False
2010263N15149,MALAKAS,2010,WP,12,2010-09-19 12:00:00,15.4,149.1,closest_approach,2010-09-25 00:00:00,34.3,144.4,11,34.3,144.4,132,2687.0,80,cat1,10,False
2022263N18137,TALAS,2022,WP,8,2022-09-20 00:00:00,18.4,138.1,closest_approach,2022-09-23 12:00:00,32.7,136.5,7,32.7,136.5,84,1971.5,35,ts,4,False
2018309S06068,ALCIDE,2019,SI,23,2018-11-04 12:00:00,-6.5,68.3,closest_approach,2018-11-13 00:00:00,-11.6,51.2,17,-7.2,44.4,264,3135.1,80,cat1,7,False
2019329N09160,KAMMURI,2019,WP,22,2019-11-25 12:00:00,9.5,153.1,closest_approach,2019-12-03 12:00:00,13.4,119.9,16,11.1,113.4,252,4853.4,90,cat2,14,False
2016295N13089,KYANT,2016,NI,15,2016-10-22 00:00:00,13.9,90.1,closest_approach,2016-10-29 00:00:00,14.2,81.2,14,14.2,81.2,168,1783.7,40,ts,8,False
2014303N13141,NURI,2014,WP,16,2014-10-30 00:00:00,12.8,140.9,closest_approach,2014-11-06 12:00:00,32.1,143.4,15,32.1,143.4,180,3261.1,110,cat3,7,False
2012287N15297,RAFAEL,2012,NA,28,2012-10-13 00:00:00,15.0,-63.2,landfall,2012-10-26 12:00:00,40.0,-7.5,27,40.0,-7.5,324,9936.2,80,cat1,6,False
2010169N13266,CELIA,2010,EP,25,2010-06-18 12:00:00,13.2,-95.0,closest_approach,2010-06-19 00:00:00,13.2,-96.0,1,16.2,-123.4,288,3476.7,140,cat5,13,False
2010027S17058,UNNAMED,2010,SI,9,2010-01-27 00:00:00,-17.5,59.2,closest_approach,2010-01-28 00:00:00,-20.6,59.0,2,-32.0,65.2,96,1871.0,35,ts,2,False
2024236N14248,HECTOR,2024,EP,13,2024-08-23 00:00:00,13.9,-112.3,closest_approach,2024-08-23 00:00:00,13.9,-112.3,0,17.2,-133.8,144,2386.6,50,ts,8,False
2012242N13333,LESLIE,2012,NA,30,2012-08-28 12:00:00,12.9,-27.4,landfall,2012-09-11 12:00:00,47.7,-54.9,28,55.5,-48.5,348,7888.8,70,cat1,16,False
2022126S06088,KARIM,2022,SI,10,2022-05-07 00:00:00,-7.2,89.0,closest_approach,2022-05-07 12:00:00,-8.6,90.1,1,-18.9,96.8,108,1796.5,60,ts,6,False
2020045S15075,GABEKILE,2020,SI,12,2020-02-14 00:00:00,-14.2,74.9,closest_approach,2020-02-16 00:00:00,-18.4,74.6,4,-24.0,74.6,132,1227.0,90,cat2,4,False
2021256N21265,NICHOLAS,2021,NA,10,2021-09-12 12:00:00,21.0,-95.2,landfall,2021-09-14 12:00:00,29.3,-95.4,4,30.3,-92.6,108,1485.7,65,cat1,3,False
2024307N06143,YINXING,2024,WP,21,2024-11-02 12:00:00,6.8,142.1,landfall,2024-11-12 12:00:00,14.0,108.4,20,14.0,108.4,240,4286.7,95,cat2,9,False
2017051S18189,BART,2017,SP,5,2017-02-20 12:00:00,-18.0,-170.1,closest_approach,2017-02-20 12:00:00,-18.0,-170.1,0,-28.7,-154.1,48,2052.7,40,ts,2,False
2008224N24122,UNNAMED,2008,WP,10,2008-08-11 00:00:00,23.7,122.2,closest_approach,2008-08-14 12:00:00,34.0,127.8,7,36.4,134.0,108,2126.8,35,ts,6,False
2024225N24147,WUKONG,2024,WP,7,2024-08-12 00:00:00,24.6,148.0,closest_approach,2024-08-15 00:00:00,35.8,146.3,6,35.8,146.3,72,1387.7,35,ts,2,False
2012141N11148,SANVU,2012,WP,15,2012-05-20 12:00:00,10.8,147.5,closest_approach,2012-05-27 00:00:00,26.6,145.7,13,28.4,148.7,168,2869.2,60,ts,9,False
2012246N29323,MICHAEL,2012,NA,21,2012-09-02 00:00:00,28.9,-36.7,closest_approach,2012-09-12 00:00:00,42.5,-45.0,20,42.5,-45.0,240,3239.0,100,cat3,9,False
2020129N07134,VONGFONG,2020,WP,18,2020-05-08 12:00:00,6.8,133.7,landfall,2020-05-14 12:00:00,12.3,124.5,12,20.6,120.1,204,2550.9,85,cat2,11,False
2008034S12103,UNNAMED,2008,SI,16,2008-02-03 12:00:00,-14.1,101.3,closest_approach,2008-02-11 00:00:00,-13.8,113.3,15,-13.8,113.3,180,1764.7,40,ts,7,False
